
TOUCHKEY.elf:     file format elf32-littleriscv
TOUCHKEY.elf
architecture: riscv:rv32, flags 0x00000112:
EXEC_P, HAS_SYMS, D_PAGED
start address 0x00000000

Program Header:
    LOAD off    0x00001000 vaddr 0x00000000 paddr 0x00000000 align 2**12
         filesz 0x000028b0 memsz 0x000028b0 flags r-x
    LOAD off    0x00004000 vaddr 0x20000000 paddr 0x000028b0 align 2**12
         filesz 0x00000098 memsz 0x000000ac flags rw-
    LOAD off    0x00004800 vaddr 0x20004800 paddr 0x20004800 align 2**12
         filesz 0x00000000 memsz 0x00000800 flags rw-

Sections:
Idx Name          Size      VMA       LMA       File off  Algn
  0 .init         00000004  00000000  00000000  00001000  2**1
                  CONTENTS, ALLOC, LOAD, READONLY, CODE
  1 .vector       000000fc  00000004  00000004  00001004  2**1
                  CONTENTS, ALLOC, LOAD, READONLY, CODE
  2 .text         000027b0  00000100  00000100  00001100  2**2
                  CONTENTS, ALLOC, LOAD, READONLY, CODE
  3 .fini         00000000  000028b0  000028b0  00004098  2**0
                  CONTENTS, ALLOC, LOAD, CODE
  4 .dalign       00000000  20000000  20000000  00004098  2**0
                  CONTENTS
  5 .dlalign      00000000  000028b0  000028b0  00004098  2**0
                  CONTENTS
  6 .data         00000098  20000000  000028b0  00004000  2**2
                  CONTENTS, ALLOC, LOAD, DATA
  7 .bss          00000014  20000098  00002948  00004098  2**2
                  ALLOC
  8 .stack        00000800  20004800  20004800  00004800  2**0
                  ALLOC
  9 .debug_info   00008ae8  00000000  00000000  00004098  2**0
                  CONTENTS, READONLY, DEBUGGING
 10 .debug_abbrev 00001850  00000000  00000000  0000cb80  2**0
                  CONTENTS, READONLY, DEBUGGING
 11 .debug_aranges 00000530  00000000  00000000  0000e3d0  2**3
                  CONTENTS, READONLY, DEBUGGING
 12 .debug_ranges 000004c8  00000000  00000000  0000e900  2**3
                  CONTENTS, READONLY, DEBUGGING
 13 .debug_line   000072d8  00000000  00000000  0000edc8  2**0
                  CONTENTS, READONLY, DEBUGGING
 14 .debug_str    00001bca  00000000  00000000  000160a0  2**0
                  CONTENTS, READONLY, DEBUGGING
 15 .comment      00000033  00000000  00000000  00017c6a  2**0
                  CONTENTS, READONLY
 16 .debug_frame  00001530  00000000  00000000  00017ca0  2**2
                  CONTENTS, READONLY, DEBUGGING
 17 .debug_loc    00002514  00000000  00000000  000191d0  2**0
                  CONTENTS, READONLY, DEBUGGING
 18 .stab         00000084  00000000  00000000  0001b6e4  2**2
                  CONTENTS, READONLY, DEBUGGING
 19 .stabstr      00000117  00000000  00000000  0001b768  2**0
                  CONTENTS, READONLY, DEBUGGING
SYMBOL TABLE:
00000000 l    d  .init	00000000 .init
00000004 l    d  .vector	00000000 .vector
00000100 l    d  .text	00000000 .text
000028b0 l    d  .fini	00000000 .fini
20000000 l    d  .dalign	00000000 .dalign
000028b0 l    d  .dlalign	00000000 .dlalign
20000000 l    d  .data	00000000 .data
20000098 l    d  .bss	00000000 .bss
20004800 l    d  .stack	00000000 .stack
00000000 l    d  .debug_info	00000000 .debug_info
00000000 l    d  .debug_abbrev	00000000 .debug_abbrev
00000000 l    d  .debug_aranges	00000000 .debug_aranges
00000000 l    d  .debug_ranges	00000000 .debug_ranges
00000000 l    d  .debug_line	00000000 .debug_line
00000000 l    d  .debug_str	00000000 .debug_str
00000000 l    d  .comment	00000000 .comment
00000000 l    d  .debug_frame	00000000 .debug_frame
00000000 l    d  .debug_loc	00000000 .debug_loc
00000000 l    d  .stab	00000000 .stab
00000000 l    d  .stabstr	00000000 .stabstr
00000000 l    df *ABS*	00000000 ./Startup/startup_ch32v20x_D6.o
00000004 l       .vector	00000000 _vector_base
00000000 l    df *ABS*	00000000 ch32v20x_it.c
00000000 l    df *ABS*	00000000 main.c
00000000 l    df *ABS*	00000000 system_ch32v20x.c
00000000 l    df *ABS*	00000000 ch32v20x_adc.c
00000000 l    df *ABS*	00000000 ch32v20x_gpio.c
00000000 l    df *ABS*	00000000 ch32v20x_rcc.c
20000010 l     O .data	00000010 APBAHBPrescTable
20000084 l     O .data	00000004 ADCPrescTable
00000000 l    df *ABS*	00000000 ch32v20x_usart.c
00000000 l    df *ABS*	00000000 debug.c
2000009a l     O .bss	00000002 p_ms
2000009c l     O .bss	00000001 p_us
20000088 l     O .data	00000004 curbrk.4672
00000000 l    df *ABS*	00000000 libgcc2.c
00000000 l    df *ABS*	00000000 printf.c
00000000 l    df *ABS*	00000000 puts.c
00000000 l    df *ABS*	00000000 sprintf.c
00000000 l    df *ABS*	00000000 wbuf.c
00000000 l    df *ABS*	00000000 wsetup.c
00000000 l    df *ABS*	00000000 fflush.c
00000000 l    df *ABS*	00000000 findfp.c
00001446 l     F .text	00000066 std
00000000 l    df *ABS*	00000000 fwalk.c
00000000 l    df *ABS*	00000000 makebuf.c
00000000 l    df *ABS*	00000000 nano-mallocr.c
00000000 l    df *ABS*	00000000 nano-mallocr.c
00000000 l    df *ABS*	00000000 nano-vfprintf.c
00000000 l    df *ABS*	00000000 nano-vfprintf.c
00001c18 l     F .text	00000028 __sfputc_r
00000000 l    df *ABS*	00000000 nano-vfprintf_i.c
00000000 l    df *ABS*	00000000 sbrkr.c
00000000 l    df *ABS*	00000000 stdio.c
00000000 l    df *ABS*	00000000 writer.c
00000000 l    df *ABS*	00000000 closer.c
00000000 l    df *ABS*	00000000 fstatr.c
00000000 l    df *ABS*	00000000 isattyr.c
00000000 l    df *ABS*	00000000 lseekr.c
00000000 l    df *ABS*	00000000 memchr.c
00000000 l    df *ABS*	00000000 memcpy.c
00000000 l    df *ABS*	00000000 memmove.c
00000000 l    df *ABS*	00000000 mlock.c
00000000 l    df *ABS*	00000000 nano-mallocr.c
00000000 l    df *ABS*	00000000 readr.c
00000000 l    df *ABS*	00000000 nano-mallocr.c
00000000 l    df *ABS*	00000000 close.c
00000000 l    df *ABS*	00000000 fstat.c
00000000 l    df *ABS*	00000000 isatty.c
00000000 l    df *ABS*	00000000 lseek.c
00000000 l    df *ABS*	00000000 read.c
00000000 l    df *ABS*	00000000 libgcc2.c
00000000 l    df *ABS*	00000000 impure.c
20000020 l     O .data	00000060 impure_data
00000000 l    df *ABS*	00000000 reent.c
000025f0 g     F .text	00000014 _malloc_usable_size_r
00000638  w      .text	00000000 EXTI2_IRQHandler
00002406 g     F .text	00000028 _isatty_r
00000fd6 g     F .text	000000d4 _puts_r
0000242e g     F .text	0000002c _lseek_r
00000f96 g     F .text	00000040 printf
20000880 g       .data	00000000 __global_pointer$
00000108 g     F .text	00000028 .hidden __riscv_save_8
00000638  w      .text	00000000 TIM1_CC_IRQHandler
00002350 g     F .text	00000030 __sseek
000014fc g     F .text	00000066 __sinit
000010fa g     F .text	000000bc __swbuf_r
0000020a g     F .text	00000010 HardFault_Handler
000014b6 g     F .text	00000046 __sfmoreglue
0000256c g     F .text	00000002 __malloc_unlock
00000154 g     F .text	0000000c .hidden __riscv_restore_3
00000638  w      .text	00000000 SysTick_Handler
00000638  w      .text	00000000 PVD_IRQHandler
00002524 g     F .text	00000046 memmove
00000140 g     F .text	00000020 .hidden __riscv_restore_10
00000208 g     F .text	00000002 NMI_Handler
00000638  w      .text	00000000 EXTI3_IRQHandler
00000108 g     F .text	00000028 .hidden __riscv_save_11
00000ae8 g     F .text	0000000a USART_GetFlagStatus
000023dc g     F .text	0000002a _fstat_r
200000a8 g     O .bss	00000004 errno
20000098 g       .bss	00000000 _sbss
00000800 g       *ABS*	00000000 __stack_size
000007f6 g     F .text	0000000a ADC_GetFlagStatus
00000b52 g     F .text	00000052 USART_Printf_Init
00000638  w      .text	00000000 USBFS_IRQHandler
00000154 g     F .text	0000000c .hidden __riscv_restore_2
00002472 g     F .text	000000b2 memcpy
00000716 g     F .text	00000010 ADC_Cmd
000014ac g     F .text	0000000a _cleanup_r
000019b2 g     F .text	00000266 _svfprintf_r
00000638  w      .text	00000000 EXTI0_IRQHandler
00000638  w      .text	00000000 I2C2_EV_IRQHandler
000010aa g     F .text	0000000a puts
20000080 g     O .data	00000004 SystemCoreClock
00002610 g     F .text	0000000c _fstat
0000021a g     F .text	00000072 USART3_Init
00000004 g       .init	00000000 _einit
000009ea g     F .text	0000001e RCC_APB2PeriphClockCmd
00000100 g     F .text	00000030 .hidden __riscv_save_12
00000638  w      .text	00000000 ADC1_2_IRQHandler
00000800 g     F .text	000000f2 GPIO_Init
0000091a g     F .text	00000012 RCC_ADCCLKConfig
00000638  w      .text	00000000 Break_Point_Handler
00000140 g     F .text	00000020 .hidden __riscv_restore_11
00000638  w      .text	00000000 SPI1_IRQHandler
00000aca g     F .text	00000016 USART_Cmd
000022b2 g     F .text	0000002a _sbrk_r
00000130 g     F .text	0000000c .hidden __riscv_save_1
00000638  w      .text	00000000 TAMPER_IRQHandler
00000154 g     F .text	0000000c .hidden __riscv_restore_0
000025c4 g     F .text	0000002c _read_r
00000116 g     F .text	0000001a .hidden __riscv_save_7
00000a08 g     F .text	0000001e RCC_APB1PeriphClockCmd
00000638  w      .text	00000000 Ecall_M_Mode_Handler
20004800 g       .stack	00000000 _heap_end
0000261c g     F .text	0000000c _isatty
20000090 g     O .data	00000004 _global_impure_ptr
0000014a g     F .text	00000016 .hidden __riscv_restore_5
0000256e g     F .text	00000056 _realloc_r
00000c04 g     F .text	00000392 .hidden __udivdi3
00000638  w      .text	00000000 DMA1_Channel4_IRQHandler
0000073e g     F .text	000000b8 ADC_RegularChannelConfig
00000bde g     F .text	00000026 _sbrk
0000014a g     F .text	00000016 .hidden __riscv_restore_6
00000638  w      .text	00000000 USART3_IRQHandler
00000638  w      .text	00000000 RTC_IRQHandler
200000ac g       .bss	00000000 _ebss
00000638  w      .text	00000000 DMA1_Channel7_IRQHandler
00000726 g     F .text	00000018 ADC_SoftwareStartConvCmd
00000638  w      .text	00000000 CAN1_RX1_IRQHandler
00000af2 g     F .text	0000002a Delay_Init
000008f2 g     F .text	00000014 GPIO_SetBits
00000638  w      .text	00000000 TIM4_IRQHandler
00000108 g     F .text	00000028 .hidden __riscv_save_9
00002814 g     O .text	00000020 __sf_fake_stderr
00000116 g     F .text	0000001a .hidden __riscv_save_4
00000638  w      .text	00000000 I2C1_EV_IRQHandler
000018d2 g     F .text	000000e0 __ssputs_r
0000092c g     F .text	000000be RCC_GetClocksFreq
00000638  w      .text	00000000 DMA1_Channel6_IRQHandler
00001c40 g     F .text	00000040 __sfputs_r
00000638  w      .text	00000000 UART4_IRQHandler
0000245a g     F .text	00000018 memchr
00000a26 g     F .text	000000a4 USART_Init
00001750 g     F .text	000000a8 _free_r
00000638  w      .text	00000000 TIM3_IRQHandler
00000638  w      .text	00000000 RCC_IRQHandler
00000130 g     F .text	0000000c .hidden __riscv_save_3
00000638  w      .text	00000000 TIM1_TRG_COM_IRQHandler
00000638  w      .text	00000000 DMA1_Channel1_IRQHandler
00000000 g       .init	00000000 _start
20000000 g     O .data	00000010 AHBPrescTable
00002628 g     F .text	0000000c _lseek
00000638  w      .text	00000000 EXTI15_10_IRQHandler
0000028c g     F .text	00000034 USART3_SendString
00000638  w      .text	00000000 DMA1_Channel8_IRQHandler
00000906 g     F .text	00000014 GPIO_ResetBits
000023b4 g     F .text	00000028 _close_r
20000000 g       .dalign	00000000 _data_vma
20000098 g     O .bss	00000001 MCU_Version
000011b6 g     F .text	000000fc __swsetup_r
00000638  w      .text	00000000 EXTI9_5_IRQHandler
00001562 g     F .text	0000009c __sfp
00000108 g     F .text	00000028 .hidden __riscv_save_10
000022dc g     F .text	0000002c __sread
0000256a g     F .text	00000002 __malloc_lock
0000014a g     F .text	00000016 .hidden __riscv_restore_4
00000140 g     F .text	00000020 .hidden __riscv_restore_8
000013e2 g     F .text	00000064 _fflush_r
00000116 g     F .text	0000001a .hidden __riscv_save_6
00000638  w      .text	00000000 SPI2_IRQHandler
00002834 g     O .text	00000020 __sf_fake_stdin
00000160 g     F .text	000000a8 memset
00000140 g     F .text	00000020 .hidden __riscv_restore_9
0000014a g     F .text	00000016 .hidden __riscv_restore_7
00000392 g     F .text	0000012a main
00002380 g     F .text	00000006 __sclose
000017f8 g     F .text	000000da _malloc_r
0000034a g     F .text	00000048 Touch_Key_Adc
00000638  w      .text	00000000 DMA1_Channel5_IRQHandler
00000638  w      .text	00000000 EXTI4_IRQHandler
00000b1c g     F .text	00000036 Delay_Ms
00000638  w      .text	00000000 USB_LP_CAN1_RX0_IRQHandler
000004bc g     F .text	000000ea SystemInit
00000f96 g     F .text	00000040 iprintf
00000638  w      .text	00000000 USB_HP_CAN1_TX_IRQHandler
000010b4 g     F .text	00000046 sprintf
00002714 g     O .text	00000100 .hidden __clz_tab
00000000 g       .init	00000000 _sinit
00002386 g     F .text	0000002e _write_r
00000638  w      .text	00000000 DMA1_Channel3_IRQHandler
00001f06 g     F .text	0000010c _printf_common
2000008c g     O .data	00000004 _impure_ptr
00000638  w      .text	00000000 TIM1_UP_IRQHandler
000012b2 g     F .text	00000130 __sflush_r
000019b2 g     F .text	00000266 _svfiprintf_r
00000638  w      .text	00000000 WWDG_IRQHandler
00000638  w      .text	00000000 Ecall_U_Mode_Handler
00000638  w      .text	00000000 TIM2_IRQHandler
20005000 g       .stack	00000000 _eusrstack
00000130 g     F .text	0000000c .hidden __riscv_save_2
00000638  w      .text	00000000 SW_Handler
00000638  w      .text	00000000 TIM1_BRK_IRQHandler
00001668 g     F .text	00000058 __swhatbuf_r
000006c0 g     F .text	00000056 ADC_Init
00000ae0 g     F .text	00000008 USART_SendData
00000638  w      .text	00000000 EXTI1_IRQHandler
00000116 g     F .text	0000001a .hidden __riscv_save_5
00000ba4 g     F .text	0000003a _write
20000098 g       .data	00000000 _edata
200000ac g       .bss	00000000 _end
000002c0 g     F .text	0000008a Touch_Key_Init
00000638  w      .text	00000000 RTCAlarm_IRQHandler
000028b0 g       .dlalign	00000000 _data_lma
00000638  w      .text	00000000 USART2_IRQHandler
00002308 g     F .text	00000048 __swrite
00001c80 g     F .text	00000286 _vfiprintf_r
000015fe g     F .text	0000006a _fwalk_reent
000005a6 g     F .text	00000092 SystemCoreClockUpdate
00000638  w      .text	00000000 I2C2_ER_IRQHandler
00000638  w      .text	00000000 DMA1_Channel2_IRQHandler
00002854 g     O .text	00000020 __sf_fake_stdout
000010b4 g     F .text	00000046 siprintf
0000013c g     F .text	00000024 .hidden __riscv_restore_12
00002634 g     F .text	0000000c _read
0000063a  w      .text	00000000 handle_reset
00000638  w      .text	00000000 CAN1_SCE_IRQHandler
00000130 g     F .text	0000000c .hidden __riscv_save_0
00000638  w      .text	00000000 FLASH_IRQHandler
00000638  w      .text	00000000 USBFSWakeUp_IRQHandler
00000638  w      .text	00000000 USART1_IRQHandler
000016c0 g     F .text	00000090 __smakebuf_r
00002012 g     F .text	000002a0 _printf_i
200000a4 g     O .bss	00000004 __malloc_sbrk_start
00000638  w      .text	00000000 I2C1_ER_IRQHandler
200000a0 g     O .bss	00000004 __malloc_free_list
00000154 g     F .text	0000000c .hidden __riscv_restore_1
00001c80 g     F .text	00000286 _vfprintf_r
00000638  w      .text	00000000 USBWakeUp_IRQHandler
00002604 g     F .text	0000000c _close



Disassembly of section .init:

00000000 <_sinit>:
   0:	63a0006f          	j	63a <handle_reset>

Disassembly of section .vector:

00000004 <_vector_base>:
	...
   c:	0208                	addi	a0,sp,256
   e:	0000                	unimp
  10:	020a                	slli	tp,tp,0x2
  12:	0000                	unimp
  14:	0000                	unimp
  16:	0000                	unimp
  18:	0638                	addi	a4,sp,776
	...
  22:	0000                	unimp
  24:	0638                	addi	a4,sp,776
  26:	0000                	unimp
  28:	0638                	addi	a4,sp,776
	...
  32:	0000                	unimp
  34:	0638                	addi	a4,sp,776
  36:	0000                	unimp
  38:	0000                	unimp
  3a:	0000                	unimp
  3c:	0638                	addi	a4,sp,776
  3e:	0000                	unimp
  40:	0000                	unimp
  42:	0000                	unimp
  44:	0638                	addi	a4,sp,776
  46:	0000                	unimp
  48:	0638                	addi	a4,sp,776
  4a:	0000                	unimp
  4c:	0638                	addi	a4,sp,776
  4e:	0000                	unimp
  50:	0638                	addi	a4,sp,776
  52:	0000                	unimp
  54:	0638                	addi	a4,sp,776
  56:	0000                	unimp
  58:	0638                	addi	a4,sp,776
  5a:	0000                	unimp
  5c:	0638                	addi	a4,sp,776
  5e:	0000                	unimp
  60:	0638                	addi	a4,sp,776
  62:	0000                	unimp
  64:	0638                	addi	a4,sp,776
  66:	0000                	unimp
  68:	0638                	addi	a4,sp,776
  6a:	0000                	unimp
  6c:	0638                	addi	a4,sp,776
  6e:	0000                	unimp
  70:	0638                	addi	a4,sp,776
  72:	0000                	unimp
  74:	0638                	addi	a4,sp,776
  76:	0000                	unimp
  78:	0638                	addi	a4,sp,776
  7a:	0000                	unimp
  7c:	0638                	addi	a4,sp,776
  7e:	0000                	unimp
  80:	0638                	addi	a4,sp,776
  82:	0000                	unimp
  84:	0638                	addi	a4,sp,776
  86:	0000                	unimp
  88:	0638                	addi	a4,sp,776
  8a:	0000                	unimp
  8c:	0638                	addi	a4,sp,776
  8e:	0000                	unimp
  90:	0638                	addi	a4,sp,776
  92:	0000                	unimp
  94:	0638                	addi	a4,sp,776
  96:	0000                	unimp
  98:	0638                	addi	a4,sp,776
  9a:	0000                	unimp
  9c:	0638                	addi	a4,sp,776
  9e:	0000                	unimp
  a0:	0638                	addi	a4,sp,776
  a2:	0000                	unimp
  a4:	0638                	addi	a4,sp,776
  a6:	0000                	unimp
  a8:	0638                	addi	a4,sp,776
  aa:	0000                	unimp
  ac:	0638                	addi	a4,sp,776
  ae:	0000                	unimp
  b0:	0638                	addi	a4,sp,776
  b2:	0000                	unimp
  b4:	0638                	addi	a4,sp,776
  b6:	0000                	unimp
  b8:	0638                	addi	a4,sp,776
  ba:	0000                	unimp
  bc:	0638                	addi	a4,sp,776
  be:	0000                	unimp
  c0:	0638                	addi	a4,sp,776
  c2:	0000                	unimp
  c4:	0638                	addi	a4,sp,776
  c6:	0000                	unimp
  c8:	0638                	addi	a4,sp,776
  ca:	0000                	unimp
  cc:	0638                	addi	a4,sp,776
  ce:	0000                	unimp
  d0:	0638                	addi	a4,sp,776
  d2:	0000                	unimp
  d4:	0638                	addi	a4,sp,776
  d6:	0000                	unimp
  d8:	0638                	addi	a4,sp,776
  da:	0000                	unimp
  dc:	0638                	addi	a4,sp,776
  de:	0000                	unimp
  e0:	0638                	addi	a4,sp,776
  e2:	0000                	unimp
  e4:	0638                	addi	a4,sp,776
  e6:	0000                	unimp
  e8:	0638                	addi	a4,sp,776
  ea:	0000                	unimp
  ec:	0638                	addi	a4,sp,776
  ee:	0000                	unimp
  f0:	0638                	addi	a4,sp,776
  f2:	0000                	unimp
  f4:	0638                	addi	a4,sp,776
  f6:	0000                	unimp
  f8:	0638                	addi	a4,sp,776
  fa:	0000                	unimp
  fc:	0638                	addi	a4,sp,776
	...

Disassembly of section .text:

00000100 <__riscv_save_12>:
     100:	7139                	addi	sp,sp,-64
     102:	4301                	li	t1,0
     104:	c66e                	sw	s11,12(sp)
     106:	a019                	j	10c <__riscv_save_10+0x4>

00000108 <__riscv_save_10>:
     108:	7139                	addi	sp,sp,-64
     10a:	5341                	li	t1,-16
     10c:	c86a                	sw	s10,16(sp)
     10e:	ca66                	sw	s9,20(sp)
     110:	cc62                	sw	s8,24(sp)
     112:	ce5e                	sw	s7,28(sp)
     114:	a019                	j	11a <__riscv_save_4+0x4>

00000116 <__riscv_save_4>:
     116:	7139                	addi	sp,sp,-64
     118:	5301                	li	t1,-32
     11a:	d05a                	sw	s6,32(sp)
     11c:	d256                	sw	s5,36(sp)
     11e:	d452                	sw	s4,40(sp)
     120:	d64e                	sw	s3,44(sp)
     122:	d84a                	sw	s2,48(sp)
     124:	da26                	sw	s1,52(sp)
     126:	dc22                	sw	s0,56(sp)
     128:	de06                	sw	ra,60(sp)
     12a:	40610133          	sub	sp,sp,t1
     12e:	8282                	jr	t0

00000130 <__riscv_save_0>:
     130:	1141                	addi	sp,sp,-16
     132:	c04a                	sw	s2,0(sp)
     134:	c226                	sw	s1,4(sp)
     136:	c422                	sw	s0,8(sp)
     138:	c606                	sw	ra,12(sp)
     13a:	8282                	jr	t0

0000013c <__riscv_restore_12>:
     13c:	4db2                	lw	s11,12(sp)
     13e:	0141                	addi	sp,sp,16

00000140 <__riscv_restore_10>:
     140:	4d02                	lw	s10,0(sp)
     142:	4c92                	lw	s9,4(sp)
     144:	4c22                	lw	s8,8(sp)
     146:	4bb2                	lw	s7,12(sp)
     148:	0141                	addi	sp,sp,16

0000014a <__riscv_restore_4>:
     14a:	4b02                	lw	s6,0(sp)
     14c:	4a92                	lw	s5,4(sp)
     14e:	4a22                	lw	s4,8(sp)
     150:	49b2                	lw	s3,12(sp)
     152:	0141                	addi	sp,sp,16

00000154 <__riscv_restore_0>:
     154:	4902                	lw	s2,0(sp)
     156:	4492                	lw	s1,4(sp)
     158:	4422                	lw	s0,8(sp)
     15a:	40b2                	lw	ra,12(sp)
     15c:	0141                	addi	sp,sp,16
     15e:	8082                	ret

00000160 <memset>:
     160:	433d                	li	t1,15
     162:	872a                	mv	a4,a0
     164:	02c37363          	bgeu	t1,a2,18a <memset+0x2a>
     168:	00f77793          	andi	a5,a4,15
     16c:	efbd                	bnez	a5,1ea <memset+0x8a>
     16e:	e5ad                	bnez	a1,1d8 <memset+0x78>
     170:	ff067693          	andi	a3,a2,-16
     174:	8a3d                	andi	a2,a2,15
     176:	96ba                	add	a3,a3,a4
     178:	c30c                	sw	a1,0(a4)
     17a:	c34c                	sw	a1,4(a4)
     17c:	c70c                	sw	a1,8(a4)
     17e:	c74c                	sw	a1,12(a4)
     180:	0741                	addi	a4,a4,16
     182:	fed76be3          	bltu	a4,a3,178 <memset+0x18>
     186:	e211                	bnez	a2,18a <memset+0x2a>
     188:	8082                	ret
     18a:	40c306b3          	sub	a3,t1,a2
     18e:	068a                	slli	a3,a3,0x2
     190:	00000297          	auipc	t0,0x0
     194:	9696                	add	a3,a3,t0
     196:	00a68067          	jr	10(a3)
     19a:	00b70723          	sb	a1,14(a4)
     19e:	00b706a3          	sb	a1,13(a4)
     1a2:	00b70623          	sb	a1,12(a4)
     1a6:	00b705a3          	sb	a1,11(a4)
     1aa:	00b70523          	sb	a1,10(a4)
     1ae:	00b704a3          	sb	a1,9(a4)
     1b2:	00b70423          	sb	a1,8(a4)
     1b6:	00b703a3          	sb	a1,7(a4)
     1ba:	00b70323          	sb	a1,6(a4)
     1be:	00b702a3          	sb	a1,5(a4)
     1c2:	00b70223          	sb	a1,4(a4)
     1c6:	00b701a3          	sb	a1,3(a4)
     1ca:	00b70123          	sb	a1,2(a4)
     1ce:	00b700a3          	sb	a1,1(a4)
     1d2:	00b70023          	sb	a1,0(a4)
     1d6:	8082                	ret
     1d8:	0ff5f593          	andi	a1,a1,255
     1dc:	00859693          	slli	a3,a1,0x8
     1e0:	8dd5                	or	a1,a1,a3
     1e2:	01059693          	slli	a3,a1,0x10
     1e6:	8dd5                	or	a1,a1,a3
     1e8:	b761                	j	170 <memset+0x10>
     1ea:	00279693          	slli	a3,a5,0x2
     1ee:	00000297          	auipc	t0,0x0
     1f2:	9696                	add	a3,a3,t0
     1f4:	8286                	mv	t0,ra
     1f6:	fa8680e7          	jalr	-88(a3)
     1fa:	8096                	mv	ra,t0
     1fc:	17c1                	addi	a5,a5,-16
     1fe:	8f1d                	sub	a4,a4,a5
     200:	963e                	add	a2,a2,a5
     202:	f8c374e3          	bgeu	t1,a2,18a <memset+0x2a>
     206:	b7a5                	j	16e <memset+0xe>

00000208 <NMI_Handler>:
     208:	a001                	j	208 <NMI_Handler>

0000020a <HardFault_Handler>:
     20a:	beef07b7          	lui	a5,0xbeef0
     20e:	e000e737          	lui	a4,0xe000e
     212:	08078793          	addi	a5,a5,128 # beef0080 <_eusrstack+0x9eeeb080>
     216:	c73c                	sw	a5,72(a4)
     218:	a001                	j	218 <HardFault_Handler+0xe>

0000021a <USART3_Init>:
     21a:	f17ff2ef          	jal	t0,130 <__riscv_save_0>
     21e:	1101                	addi	sp,sp,-32
     220:	84aa                	mv	s1,a0
     222:	4585                	li	a1,1
     224:	00040537          	lui	a0,0x40
     228:	7e0000ef          	jal	ra,a08 <RCC_APB1PeriphClockCmd>
     22c:	4585                	li	a1,1
     22e:	4521                	li	a0,8
     230:	7ba000ef          	jal	ra,9ea <RCC_APB2PeriphClockCmd>
     234:	40000793          	li	a5,1024
     238:	827c                	sh	a5,4(sp)
     23a:	40011437          	lui	s0,0x40011
     23e:	47e1                	li	a5,24
     240:	c63e                	sw	a5,12(sp)
     242:	004c                	addi	a1,sp,4
     244:	478d                	li	a5,3
     246:	c0040513          	addi	a0,s0,-1024 # 40010c00 <_eusrstack+0x2000bc00>
     24a:	c43e                	sw	a5,8(sp)
     24c:	2b55                	jal	800 <GPIO_Init>
     24e:	6785                	lui	a5,0x1
     250:	80078793          	addi	a5,a5,-2048 # 800 <GPIO_Init>
     254:	827c                	sh	a5,4(sp)
     256:	004c                	addi	a1,sp,4
     258:	4791                	li	a5,4
     25a:	c0040513          	addi	a0,s0,-1024
     25e:	c63e                	sw	a5,12(sp)
     260:	40005437          	lui	s0,0x40005
     264:	2b71                	jal	800 <GPIO_Init>
     266:	000c07b7          	lui	a5,0xc0
     26a:	080c                	addi	a1,sp,16
     26c:	80040513          	addi	a0,s0,-2048 # 40004800 <_eusrstack+0x1ffff800>
     270:	cc3e                	sw	a5,24(sp)
     272:	c826                	sw	s1,16(sp)
     274:	ca02                	sw	zero,20(sp)
     276:	00011e23          	sh	zero,28(sp)
     27a:	7ac000ef          	jal	ra,a26 <USART_Init>
     27e:	4585                	li	a1,1
     280:	80040513          	addi	a0,s0,-2048
     284:	047000ef          	jal	ra,aca <USART_Cmd>
     288:	6105                	addi	sp,sp,32
     28a:	b5e9                	j	154 <__riscv_restore_0>

0000028c <USART3_SendString>:
     28c:	ea5ff2ef          	jal	t0,130 <__riscv_save_0>
     290:	400054b7          	lui	s1,0x40005
     294:	842a                	mv	s0,a0
     296:	80048493          	addi	s1,s1,-2048 # 40004800 <_eusrstack+0x1ffff800>
     29a:	00040783          	lb	a5,0(s0)
     29e:	e391                	bnez	a5,2a2 <USART3_SendString+0x16>
     2a0:	bd55                	j	154 <__riscv_restore_0>
     2a2:	08000593          	li	a1,128
     2a6:	8526                	mv	a0,s1
     2a8:	041000ef          	jal	ra,ae8 <USART_GetFlagStatus>
     2ac:	d97d                	beqz	a0,2a2 <USART3_SendString+0x16>
     2ae:	0405                	addi	s0,s0,1
     2b0:	fff40583          	lb	a1,-1(s0)
     2b4:	8526                	mv	a0,s1
     2b6:	05c2                	slli	a1,a1,0x10
     2b8:	81c1                	srli	a1,a1,0x10
     2ba:	027000ef          	jal	ra,ae0 <USART_SendData>
     2be:	bff1                	j	29a <USART3_SendString+0xe>

000002c0 <Touch_Key_Init>:
     2c0:	e71ff2ef          	jal	t0,130 <__riscv_save_0>
     2c4:	7179                	addi	sp,sp,-48
     2c6:	02000613          	li	a2,32
     2ca:	4581                	li	a1,0
     2cc:	0808                	addi	a0,sp,16
     2ce:	c202                	sw	zero,4(sp)
     2d0:	c402                	sw	zero,8(sp)
     2d2:	c602                	sw	zero,12(sp)
     2d4:	3571                	jal	160 <memset>
     2d6:	4585                	li	a1,1
     2d8:	20c00513          	li	a0,524
     2dc:	2739                	jal	9ea <RCC_APB2PeriphClockCmd>
     2de:	6531                	lui	a0,0xc
     2e0:	2d2d                	jal	91a <RCC_ADCCLKConfig>
     2e2:	40011437          	lui	s0,0x40011
     2e6:	448d                	li	s1,3
     2e8:	004c                	addi	a1,sp,4
     2ea:	80040513          	addi	a0,s0,-2048 # 40010800 <_eusrstack+0x2000b800>
     2ee:	8264                	sh	s1,4(sp)
     2f0:	c602                	sw	zero,12(sp)
     2f2:	2339                	jal	800 <GPIO_Init>
     2f4:	47c1                	li	a5,16
     2f6:	c63e                	sw	a5,12(sp)
     2f8:	004c                	addi	a1,sp,4
     2fa:	478d                	li	a5,3
     2fc:	c0040513          	addi	a0,s0,-1024
     300:	c43e                	sw	a5,8(sp)
     302:	8264                	sh	s1,4(sp)
     304:	29f5                	jal	800 <GPIO_Init>
     306:	c0040513          	addi	a0,s0,-1024
     30a:	458d                	li	a1,3
     30c:	23dd                	jal	8f2 <GPIO_SetBits>
     30e:	40012437          	lui	s0,0x40012
     312:	000e07b7          	lui	a5,0xe0
     316:	ce3e                	sw	a5,28(sp)
     318:	080c                	addi	a1,sp,16
     31a:	4785                	li	a5,1
     31c:	40040513          	addi	a0,s0,1024 # 40012400 <_eusrstack+0x2000d400>
     320:	02f10223          	sb	a5,36(sp)
     324:	c802                	sw	zero,16(sp)
     326:	ca02                	sw	zero,20(sp)
     328:	cc02                	sw	zero,24(sp)
     32a:	d002                	sw	zero,32(sp)
     32c:	2e51                	jal	6c0 <ADC_Init>
     32e:	40040513          	addi	a0,s0,1024
     332:	4585                	li	a1,1
     334:	26cd                	jal	716 <ADC_Cmd>
     336:	40442783          	lw	a5,1028(s0)
     33a:	05000737          	lui	a4,0x5000
     33e:	40040413          	addi	s0,s0,1024
     342:	8fd9                	or	a5,a5,a4
     344:	c05c                	sw	a5,4(s0)
     346:	6145                	addi	sp,sp,48
     348:	b531                	j	154 <__riscv_restore_0>

0000034a <Touch_Key_Adc>:
     34a:	de7ff2ef          	jal	t0,130 <__riscv_save_0>
     34e:	40012437          	lui	s0,0x40012
     352:	85aa                	mv	a1,a0
     354:	4685                	li	a3,1
     356:	40040513          	addi	a0,s0,1024 # 40012400 <_eusrstack+0x2000d400>
     35a:	4605                	li	a2,1
     35c:	26cd                	jal	73e <ADC_RegularChannelConfig>
     35e:	40040413          	addi	s0,s0,1024
     362:	47c1                	li	a5,16
     364:	dc5c                	sw	a5,60(s0)
     366:	47a1                	li	a5,8
     368:	c47c                	sw	a5,76(s0)
     36a:	4585                	li	a1,1
     36c:	8522                	mv	a0,s0
     36e:	2e65                	jal	726 <ADC_SoftwareStartConvCmd>
     370:	400124b7          	lui	s1,0x40012
     374:	4589                	li	a1,2
     376:	8522                	mv	a0,s0
     378:	29bd                	jal	7f6 <ADC_GetFlagStatus>
     37a:	dd6d                	beqz	a0,374 <Touch_Key_Adc+0x2a>
     37c:	40048513          	addi	a0,s1,1024 # 40012400 <_eusrstack+0x2000d400>
     380:	4581                	li	a1,0
     382:	2655                	jal	726 <ADC_SoftwareStartConvCmd>
     384:	44c4a503          	lw	a0,1100(s1)
     388:	40048493          	addi	s1,s1,1024
     38c:	0542                	slli	a0,a0,0x10
     38e:	8141                	srli	a0,a0,0x10
     390:	b3d1                	j	154 <__riscv_restore_0>

00000392 <main>:
     392:	d77ff2ef          	jal	t0,108 <__riscv_save_10>
     396:	7139                	addi	sp,sp,-64
     398:	2439                	jal	5a6 <SystemCoreClockUpdate>
     39a:	758000ef          	jal	ra,af2 <Delay_Init>
     39e:	6571                	lui	a0,0x1c
     3a0:	20050513          	addi	a0,a0,512 # 1c200 <_data_lma+0x19950>
     3a4:	7ae000ef          	jal	ra,b52 <USART_Printf_Init>
     3a8:	00002537          	lui	a0,0x2
     3ac:	64c50513          	addi	a0,a0,1612 # 264c <_read+0x18>
     3b0:	4fb000ef          	jal	ra,10aa <puts>
     3b4:	200007b7          	lui	a5,0x20000
     3b8:	0807a583          	lw	a1,128(a5) # 20000080 <SystemCoreClock>
     3bc:	00002537          	lui	a0,0x2
     3c0:	67050513          	addi	a0,a0,1648 # 2670 <_read+0x3c>
     3c4:	3d3000ef          	jal	ra,f96 <iprintf>
     3c8:	00002537          	lui	a0,0x2
     3cc:	19000593          	li	a1,400
     3d0:	68050513          	addi	a0,a0,1664 # 2680 <_read+0x4c>
     3d4:	3c3000ef          	jal	ra,f96 <iprintf>
     3d8:	00002537          	lui	a0,0x2
     3dc:	69050513          	addi	a0,a0,1680 # 2690 <_read+0x5c>
     3e0:	4cb000ef          	jal	ra,10aa <puts>
     3e4:	00002537          	lui	a0,0x2
     3e8:	6c050513          	addi	a0,a0,1728 # 26c0 <_read+0x8c>
     3ec:	4bf000ef          	jal	ra,10aa <puts>
     3f0:	3dc1                	jal	2c0 <Touch_Key_Init>
     3f2:	6505                	lui	a0,0x1
     3f4:	2c050513          	addi	a0,a0,704 # 12c0 <__sflush_r+0xe>
     3f8:	400114b7          	lui	s1,0x40011
     3fc:	000029b7          	lui	s3,0x2
     400:	00002a37          	lui	s4,0x2
     404:	3d19                	jal	21a <USART3_Init>
     406:	4a81                	li	s5,0
     408:	c0048493          	addi	s1,s1,-1024 # 40010c00 <_eusrstack+0x2000bc00>
     40c:	00002cb7          	lui	s9,0x2
     410:	00002d37          	lui	s10,0x2
     414:	64098993          	addi	s3,s3,1600 # 2640 <_read+0xc>
     418:	648a0a13          	addi	s4,s4,1608 # 2648 <_read+0x14>
     41c:	4501                	li	a0,0
     41e:	3735                	jal	34a <Touch_Key_Adc>
     420:	892a                	mv	s2,a0
     422:	4505                	li	a0,1
     424:	371d                	jal	34a <Touch_Key_Adc>
     426:	18f00b13          	li	s6,399
     42a:	842a                	mv	s0,a0
     42c:	19093b93          	sltiu	s7,s2,400
     430:	19053c13          	sltiu	s8,a0,400
     434:	072b6e63          	bltu	s6,s2,4b0 <main+0x11e>
     438:	4585                	li	a1,1
     43a:	8526                	mv	a0,s1
     43c:	295d                	jal	8f2 <GPIO_SetBits>
     43e:	4589                	li	a1,2
     440:	8526                	mv	a0,s1
     442:	21d1                	jal	906 <GPIO_ResetBits>
     444:	008b6863          	bltu	s6,s0,454 <main+0xc2>
     448:	4585                	li	a1,1
     44a:	8526                	mv	a0,s1
     44c:	296d                	jal	906 <GPIO_ResetBits>
     44e:	4589                	li	a1,2
     450:	8526                	mv	a0,s1
     452:	2145                	jal	8f2 <GPIO_SetBits>
     454:	875e                	mv	a4,s7
     456:	86a2                	mv	a3,s0
     458:	864a                	mv	a2,s2
     45a:	6e0c8593          	addi	a1,s9,1760 # 26e0 <_read+0xac>
     45e:	87e2                	mv	a5,s8
     460:	850a                	mv	a0,sp
     462:	453000ef          	jal	ra,10b4 <siprintf>
     466:	850a                	mv	a0,sp
     468:	3515                	jal	28c <USART3_SendString>
     46a:	8762                	mv	a4,s8
     46c:	86de                	mv	a3,s7
     46e:	8622                	mv	a2,s0
     470:	85ca                	mv	a1,s2
     472:	6e0c8513          	addi	a0,s9,1760
     476:	321000ef          	jal	ra,f96 <iprintf>
     47a:	020a8963          	beqz	s5,4ac <main+0x11a>
     47e:	18f00793          	li	a5,399
     482:	864e                	mv	a2,s3
     484:	0127f363          	bgeu	a5,s2,48a <main+0xf8>
     488:	8652                	mv	a2,s4
     48a:	18f00793          	li	a5,399
     48e:	874e                	mv	a4,s3
     490:	0087f363          	bgeu	a5,s0,496 <main+0x104>
     494:	8752                	mv	a4,s4
     496:	86a2                	mv	a3,s0
     498:	85ca                	mv	a1,s2
     49a:	6fcd0513          	addi	a0,s10,1788 # 26fc <_read+0xc8>
     49e:	2f9000ef          	jal	ra,f96 <iprintf>
     4a2:	4a81                	li	s5,0
     4a4:	1f400513          	li	a0,500
     4a8:	2d95                	jal	b1c <Delay_Ms>
     4aa:	bf8d                	j	41c <main+0x8a>
     4ac:	4a85                	li	s5,1
     4ae:	bfdd                	j	4a4 <main+0x112>
     4b0:	f8ab7ce3          	bgeu	s6,a0,448 <main+0xb6>
     4b4:	458d                	li	a1,3
     4b6:	8526                	mv	a0,s1
     4b8:	21b9                	jal	906 <GPIO_ResetBits>
     4ba:	bf69                	j	454 <main+0xc2>

000004bc <SystemInit>:
     4bc:	400217b7          	lui	a5,0x40021
     4c0:	4398                	lw	a4,0(a5)
     4c2:	f0ff06b7          	lui	a3,0xf0ff0
     4c6:	1141                	addi	sp,sp,-16
     4c8:	00176713          	ori	a4,a4,1
     4cc:	c398                	sw	a4,0(a5)
     4ce:	43d8                	lw	a4,4(a5)
     4d0:	00020637          	lui	a2,0x20
     4d4:	8f75                	and	a4,a4,a3
     4d6:	c3d8                	sw	a4,4(a5)
     4d8:	4398                	lw	a4,0(a5)
     4da:	fef706b7          	lui	a3,0xfef70
     4de:	16fd                	addi	a3,a3,-1
     4e0:	8f75                	and	a4,a4,a3
     4e2:	c398                	sw	a4,0(a5)
     4e4:	4398                	lw	a4,0(a5)
     4e6:	fffc06b7          	lui	a3,0xfffc0
     4ea:	16fd                	addi	a3,a3,-1
     4ec:	8f75                	and	a4,a4,a3
     4ee:	c398                	sw	a4,0(a5)
     4f0:	43d8                	lw	a4,4(a5)
     4f2:	ff0106b7          	lui	a3,0xff010
     4f6:	16fd                	addi	a3,a3,-1
     4f8:	8f75                	and	a4,a4,a3
     4fa:	c3d8                	sw	a4,4(a5)
     4fc:	009f0737          	lui	a4,0x9f0
     500:	c798                	sw	a4,8(a5)
     502:	c402                	sw	zero,8(sp)
     504:	c602                	sw	zero,12(sp)
     506:	4398                	lw	a4,0(a5)
     508:	66c1                	lui	a3,0x10
     50a:	8f55                	or	a4,a4,a3
     50c:	c398                	sw	a4,0(a5)
     50e:	400216b7          	lui	a3,0x40021
     512:	6705                	lui	a4,0x1
     514:	429c                	lw	a5,0(a3)
     516:	8ff1                	and	a5,a5,a2
     518:	c63e                	sw	a5,12(sp)
     51a:	47a2                	lw	a5,8(sp)
     51c:	0785                	addi	a5,a5,1
     51e:	c43e                	sw	a5,8(sp)
     520:	47b2                	lw	a5,12(sp)
     522:	e781                	bnez	a5,52a <SystemInit+0x6e>
     524:	47a2                	lw	a5,8(sp)
     526:	fee797e3          	bne	a5,a4,514 <SystemInit+0x58>
     52a:	400217b7          	lui	a5,0x40021
     52e:	439c                	lw	a5,0(a5)
     530:	00e79713          	slli	a4,a5,0xe
     534:	06075763          	bgez	a4,5a2 <SystemInit+0xe6>
     538:	4785                	li	a5,1
     53a:	c63e                	sw	a5,12(sp)
     53c:	4732                	lw	a4,12(sp)
     53e:	4785                	li	a5,1
     540:	04f71f63          	bne	a4,a5,59e <SystemInit+0xe2>
     544:	400217b7          	lui	a5,0x40021
     548:	43d8                	lw	a4,4(a5)
     54a:	ffc106b7          	lui	a3,0xffc10
     54e:	16fd                	addi	a3,a3,-1
     550:	c3d8                	sw	a4,4(a5)
     552:	43d8                	lw	a4,4(a5)
     554:	c3d8                	sw	a4,4(a5)
     556:	43d8                	lw	a4,4(a5)
     558:	40076713          	ori	a4,a4,1024
     55c:	c3d8                	sw	a4,4(a5)
     55e:	43d8                	lw	a4,4(a5)
     560:	8f75                	and	a4,a4,a3
     562:	c3d8                	sw	a4,4(a5)
     564:	43d8                	lw	a4,4(a5)
     566:	002906b7          	lui	a3,0x290
     56a:	8f55                	or	a4,a4,a3
     56c:	c3d8                	sw	a4,4(a5)
     56e:	4398                	lw	a4,0(a5)
     570:	010006b7          	lui	a3,0x1000
     574:	8f55                	or	a4,a4,a3
     576:	c398                	sw	a4,0(a5)
     578:	4398                	lw	a4,0(a5)
     57a:	00671693          	slli	a3,a4,0x6
     57e:	fe06dde3          	bgez	a3,578 <SystemInit+0xbc>
     582:	43d8                	lw	a4,4(a5)
     584:	400216b7          	lui	a3,0x40021
     588:	9b71                	andi	a4,a4,-4
     58a:	c3d8                	sw	a4,4(a5)
     58c:	43d8                	lw	a4,4(a5)
     58e:	00276713          	ori	a4,a4,2
     592:	c3d8                	sw	a4,4(a5)
     594:	4721                	li	a4,8
     596:	42dc                	lw	a5,4(a3)
     598:	8bb1                	andi	a5,a5,12
     59a:	fee79ee3          	bne	a5,a4,596 <SystemInit+0xda>
     59e:	0141                	addi	sp,sp,16
     5a0:	8082                	ret
     5a2:	c602                	sw	zero,12(sp)
     5a4:	bf61                	j	53c <SystemInit+0x80>

000005a6 <SystemCoreClockUpdate>:
     5a6:	400216b7          	lui	a3,0x40021
     5aa:	42dc                	lw	a5,4(a3)
     5ac:	20000737          	lui	a4,0x20000
     5b0:	4611                	li	a2,4
     5b2:	8bb1                	andi	a5,a5,12
     5b4:	08070713          	addi	a4,a4,128 # 20000080 <SystemCoreClock>
     5b8:	00c78563          	beq	a5,a2,5c2 <SystemCoreClockUpdate+0x1c>
     5bc:	4621                	li	a2,8
     5be:	02c78863          	beq	a5,a2,5ee <SystemCoreClockUpdate+0x48>
     5c2:	007a17b7          	lui	a5,0x7a1
     5c6:	20078793          	addi	a5,a5,512 # 7a1200 <_data_lma+0x79e950>
     5ca:	c31c                	sw	a5,0(a4)
     5cc:	400217b7          	lui	a5,0x40021
     5d0:	43dc                	lw	a5,4(a5)
     5d2:	8391                	srli	a5,a5,0x4
     5d4:	00f7f693          	andi	a3,a5,15
     5d8:	200007b7          	lui	a5,0x20000
     5dc:	00078793          	mv	a5,a5
     5e0:	97b6                	add	a5,a5,a3
     5e2:	2394                	lbu	a3,0(a5)
     5e4:	431c                	lw	a5,0(a4)
     5e6:	00d7d7b3          	srl	a5,a5,a3
     5ea:	c31c                	sw	a5,0(a4)
     5ec:	8082                	ret
     5ee:	42dc                	lw	a5,4(a3)
     5f0:	42d4                	lw	a3,4(a3)
     5f2:	6641                	lui	a2,0x10
     5f4:	83c9                	srli	a5,a5,0x12
     5f6:	8bbd                	andi	a5,a5,15
     5f8:	8ef1                	and	a3,a3,a2
     5fa:	0789                	addi	a5,a5,2
     5fc:	4645                	li	a2,17
     5fe:	00c79363          	bne	a5,a2,604 <SystemCoreClockUpdate+0x5e>
     602:	47c9                	li	a5,18
     604:	ee81                	bnez	a3,61c <SystemCoreClockUpdate+0x76>
     606:	400246b7          	lui	a3,0x40024
     60a:	8006a683          	lw	a3,-2048(a3) # 40023800 <_eusrstack+0x2001e800>
     60e:	8ac1                	andi	a3,a3,16
     610:	ce89                	beqz	a3,62a <SystemCoreClockUpdate+0x84>
     612:	007a16b7          	lui	a3,0x7a1
     616:	20068693          	addi	a3,a3,512 # 7a1200 <_data_lma+0x79e950>
     61a:	a821                	j	632 <SystemCoreClockUpdate+0x8c>
     61c:	400216b7          	lui	a3,0x40021
     620:	42d4                	lw	a3,4(a3)
     622:	00e69613          	slli	a2,a3,0xe
     626:	fe0656e3          	bgez	a2,612 <SystemCoreClockUpdate+0x6c>
     62a:	003d16b7          	lui	a3,0x3d1
     62e:	90068693          	addi	a3,a3,-1792 # 3d0900 <_data_lma+0x3ce050>
     632:	02d787b3          	mul	a5,a5,a3
     636:	bf51                	j	5ca <SystemCoreClockUpdate+0x24>

00000638 <ADC1_2_IRQHandler>:
     638:	a001                	j	638 <ADC1_2_IRQHandler>

0000063a <handle_reset>:
     63a:	20000197          	auipc	gp,0x20000
     63e:	24618193          	addi	gp,gp,582 # 20000880 <__global_pointer$>
     642:	20005117          	auipc	sp,0x20005
     646:	9be10113          	addi	sp,sp,-1602 # 20005000 <_eusrstack>
     64a:	00002517          	auipc	a0,0x2
     64e:	26650513          	addi	a0,a0,614 # 28b0 <_data_lma>
     652:	20000597          	auipc	a1,0x20000
     656:	9ae58593          	addi	a1,a1,-1618 # 20000000 <_data_vma>
     65a:	81818613          	addi	a2,gp,-2024 # 20000098 <_edata>
     65e:	00c5fa63          	bgeu	a1,a2,672 <handle_reset+0x38>
     662:	00052283          	lw	t0,0(a0)
     666:	0055a023          	sw	t0,0(a1)
     66a:	0511                	addi	a0,a0,4
     66c:	0591                	addi	a1,a1,4
     66e:	fec5eae3          	bltu	a1,a2,662 <handle_reset+0x28>
     672:	81818513          	addi	a0,gp,-2024 # 20000098 <_edata>
     676:	82c18593          	addi	a1,gp,-2004 # 200000ac <_ebss>
     67a:	00b57763          	bgeu	a0,a1,688 <handle_reset+0x4e>
     67e:	00052023          	sw	zero,0(a0)
     682:	0511                	addi	a0,a0,4
     684:	feb56de3          	bltu	a0,a1,67e <handle_reset+0x44>
     688:	42fd                	li	t0,31
     68a:	bc029073          	csrw	0xbc0,t0
     68e:	428d                	li	t0,3
     690:	80429073          	csrw	0x804,t0
     694:	08800293          	li	t0,136
     698:	30029073          	csrw	mstatus,t0
     69c:	00000297          	auipc	t0,0x0
     6a0:	96828293          	addi	t0,t0,-1688 # 4 <_einit>
     6a4:	0032e293          	ori	t0,t0,3
     6a8:	30529073          	csrw	mtvec,t0
     6ac:	e11ff0ef          	jal	ra,4bc <SystemInit>
     6b0:	00000297          	auipc	t0,0x0
     6b4:	ce228293          	addi	t0,t0,-798 # 392 <main>
     6b8:	34129073          	csrw	mepc,t0
     6bc:	30200073          	mret

000006c0 <ADC_Init>:
     6c0:	415c                	lw	a5,4(a0)
     6c2:	e0f10737          	lui	a4,0xe0f10
     6c6:	eff70713          	addi	a4,a4,-257 # e0f0feff <_eusrstack+0xc0f0aeff>
     6ca:	4d94                	lw	a3,24(a1)
     6cc:	8f7d                	and	a4,a4,a5
     6ce:	419c                	lw	a5,0(a1)
     6d0:	8fd5                	or	a5,a5,a3
     6d2:	4dd4                	lw	a3,28(a1)
     6d4:	8fd5                	or	a5,a5,a3
     6d6:	41d4                	lw	a3,4(a1)
     6d8:	06a2                	slli	a3,a3,0x8
     6da:	8fd5                	or	a5,a5,a3
     6dc:	8fd9                	or	a5,a5,a4
     6de:	c15c                	sw	a5,4(a0)
     6e0:	451c                	lw	a5,8(a0)
     6e2:	fff1f737          	lui	a4,0xfff1f
     6e6:	7fd70713          	addi	a4,a4,2045 # fff1f7fd <_eusrstack+0xdff1a7fd>
     6ea:	45d4                	lw	a3,12(a1)
     6ec:	8f7d                	and	a4,a4,a5
     6ee:	499c                	lw	a5,16(a1)
     6f0:	8fd5                	or	a5,a5,a3
     6f2:	4594                	lw	a3,8(a1)
     6f4:	0686                	slli	a3,a3,0x1
     6f6:	8fd5                	or	a5,a5,a3
     6f8:	8fd9                	or	a5,a5,a4
     6fa:	c51c                	sw	a5,8(a0)
     6fc:	555c                	lw	a5,44(a0)
     6fe:	ff100737          	lui	a4,0xff100
     702:	177d                	addi	a4,a4,-1
     704:	8f7d                	and	a4,a4,a5
     706:	29dc                	lbu	a5,20(a1)
     708:	17fd                	addi	a5,a5,-1
     70a:	0ff7f793          	andi	a5,a5,255
     70e:	07d2                	slli	a5,a5,0x14
     710:	8fd9                	or	a5,a5,a4
     712:	d55c                	sw	a5,44(a0)
     714:	8082                	ret

00000716 <ADC_Cmd>:
     716:	451c                	lw	a5,8(a0)
     718:	c589                	beqz	a1,722 <ADC_Cmd+0xc>
     71a:	0017e793          	ori	a5,a5,1
     71e:	c51c                	sw	a5,8(a0)
     720:	8082                	ret
     722:	9bf9                	andi	a5,a5,-2
     724:	bfed                	j	71e <ADC_Cmd+0x8>

00000726 <ADC_SoftwareStartConvCmd>:
     726:	451c                	lw	a5,8(a0)
     728:	c591                	beqz	a1,734 <ADC_SoftwareStartConvCmd+0xe>
     72a:	00500737          	lui	a4,0x500
     72e:	8fd9                	or	a5,a5,a4
     730:	c51c                	sw	a5,8(a0)
     732:	8082                	ret
     734:	ffb00737          	lui	a4,0xffb00
     738:	177d                	addi	a4,a4,-1
     73a:	8ff9                	and	a5,a5,a4
     73c:	bfd5                	j	730 <ADC_SoftwareStartConvCmd+0xa>

0000073e <ADC_RegularChannelConfig>:
     73e:	47a5                	li	a5,9
     740:	04b7f763          	bgeu	a5,a1,78e <ADC_RegularChannelConfig+0x50>
     744:	478d                	li	a5,3
     746:	ff658713          	addi	a4,a1,-10
     74a:	02f70733          	mul	a4,a4,a5
     74e:	00c52803          	lw	a6,12(a0)
     752:	479d                	li	a5,7
     754:	00e797b3          	sll	a5,a5,a4
     758:	fff7c793          	not	a5,a5
     75c:	0107f7b3          	and	a5,a5,a6
     760:	00e696b3          	sll	a3,a3,a4
     764:	8edd                	or	a3,a3,a5
     766:	c554                	sw	a3,12(a0)
     768:	4799                	li	a5,6
     76a:	04c7e363          	bltu	a5,a2,7b0 <ADC_RegularChannelConfig+0x72>
     76e:	4795                	li	a5,5
     770:	167d                	addi	a2,a2,-1
     772:	02f60633          	mul	a2,a2,a5
     776:	5958                	lw	a4,52(a0)
     778:	47fd                	li	a5,31
     77a:	00c797b3          	sll	a5,a5,a2
     77e:	fff7c793          	not	a5,a5
     782:	8ff9                	and	a5,a5,a4
     784:	00c59633          	sll	a2,a1,a2
     788:	8e5d                	or	a2,a2,a5
     78a:	d950                	sw	a2,52(a0)
     78c:	8082                	ret
     78e:	470d                	li	a4,3
     790:	02e58733          	mul	a4,a1,a4
     794:	01052803          	lw	a6,16(a0)
     798:	479d                	li	a5,7
     79a:	00e797b3          	sll	a5,a5,a4
     79e:	fff7c793          	not	a5,a5
     7a2:	0107f7b3          	and	a5,a5,a6
     7a6:	00e696b3          	sll	a3,a3,a4
     7aa:	8edd                	or	a3,a3,a5
     7ac:	c914                	sw	a3,16(a0)
     7ae:	bf6d                	j	768 <ADC_RegularChannelConfig+0x2a>
     7b0:	47b1                	li	a5,12
     7b2:	02c7e263          	bltu	a5,a2,7d6 <ADC_RegularChannelConfig+0x98>
     7b6:	4795                	li	a5,5
     7b8:	1665                	addi	a2,a2,-7
     7ba:	02f60633          	mul	a2,a2,a5
     7be:	5918                	lw	a4,48(a0)
     7c0:	47fd                	li	a5,31
     7c2:	00c797b3          	sll	a5,a5,a2
     7c6:	fff7c793          	not	a5,a5
     7ca:	8ff9                	and	a5,a5,a4
     7cc:	00c59633          	sll	a2,a1,a2
     7d0:	8e5d                	or	a2,a2,a5
     7d2:	d910                	sw	a2,48(a0)
     7d4:	8082                	ret
     7d6:	4795                	li	a5,5
     7d8:	164d                	addi	a2,a2,-13
     7da:	02f60633          	mul	a2,a2,a5
     7de:	5558                	lw	a4,44(a0)
     7e0:	47fd                	li	a5,31
     7e2:	00c797b3          	sll	a5,a5,a2
     7e6:	fff7c793          	not	a5,a5
     7ea:	8ff9                	and	a5,a5,a4
     7ec:	00c595b3          	sll	a1,a1,a2
     7f0:	8ddd                	or	a1,a1,a5
     7f2:	d54c                	sw	a1,44(a0)
     7f4:	8082                	ret

000007f6 <ADC_GetFlagStatus>:
     7f6:	4108                	lw	a0,0(a0)
     7f8:	8d6d                	and	a0,a0,a1
     7fa:	00a03533          	snez	a0,a0
     7fe:	8082                	ret

00000800 <GPIO_Init>:
     800:	459c                	lw	a5,8(a1)
     802:	0107f713          	andi	a4,a5,16
     806:	00f7f813          	andi	a6,a5,15
     80a:	c701                	beqz	a4,812 <GPIO_Init+0x12>
     80c:	41d8                	lw	a4,4(a1)
     80e:	00e86833          	or	a6,a6,a4
     812:	40022737          	lui	a4,0x40022
     816:	5b14                	lw	a3,48(a4)
     818:	0f000737          	lui	a4,0xf000
     81c:	8f75                	and	a4,a4,a3
     81e:	eb4d                	bnez	a4,8d0 <GPIO_Init+0xd0>
     820:	4685                	li	a3,1
     822:	80d18c23          	sb	a3,-2024(gp) # 20000098 <_edata>
     826:	40011737          	lui	a4,0x40011
     82a:	00e51563          	bne	a0,a4,834 <GPIO_Init+0x34>
     82e:	219a                	lhu	a4,0(a1)
     830:	8335                	srli	a4,a4,0xd
     832:	a19a                	sh	a4,0(a1)
     834:	218e                	lhu	a1,0(a1)
     836:	0ff5f713          	andi	a4,a1,255
     83a:	c339                	beqz	a4,880 <GPIO_Init+0x80>
     83c:	4118                	lw	a4,0(a0)
     83e:	4681                	li	a3,0
     840:	4e85                	li	t4,1
     842:	4f3d                	li	t5,15
     844:	02800f93          	li	t6,40
     848:	04800293          	li	t0,72
     84c:	4e21                	li	t3,8
     84e:	00de9633          	sll	a2,t4,a3
     852:	00c5f8b3          	and	a7,a1,a2
     856:	03161163          	bne	a2,a7,878 <GPIO_Init+0x78>
     85a:	00269893          	slli	a7,a3,0x2
     85e:	011f1333          	sll	t1,t5,a7
     862:	fff34313          	not	t1,t1
     866:	00e37733          	and	a4,t1,a4
     86a:	011818b3          	sll	a7,a6,a7
     86e:	00e8e733          	or	a4,a7,a4
     872:	07f79763          	bne	a5,t6,8e0 <GPIO_Init+0xe0>
     876:	c950                	sw	a2,20(a0)
     878:	0685                	addi	a3,a3,1
     87a:	fdc69ae3          	bne	a3,t3,84e <GPIO_Init+0x4e>
     87e:	c118                	sw	a4,0(a0)
     880:	0ff00713          	li	a4,255
     884:	04b77563          	bgeu	a4,a1,8ce <GPIO_Init+0xce>
     888:	4154                	lw	a3,4(a0)
     88a:	4621                	li	a2,8
     88c:	4e85                	li	t4,1
     88e:	4f3d                	li	t5,15
     890:	02800f93          	li	t6,40
     894:	04800293          	li	t0,72
     898:	4e41                	li	t3,16
     89a:	00ce98b3          	sll	a7,t4,a2
     89e:	0115f733          	and	a4,a1,a7
     8a2:	02e89263          	bne	a7,a4,8c6 <GPIO_Init+0xc6>
     8a6:	00261713          	slli	a4,a2,0x2
     8aa:	1701                	addi	a4,a4,-32
     8ac:	00ef1333          	sll	t1,t5,a4
     8b0:	fff34313          	not	t1,t1
     8b4:	00d376b3          	and	a3,t1,a3
     8b8:	00e81733          	sll	a4,a6,a4
     8bc:	8ed9                	or	a3,a3,a4
     8be:	03f79563          	bne	a5,t6,8e8 <GPIO_Init+0xe8>
     8c2:	01152a23          	sw	a7,20(a0)
     8c6:	0605                	addi	a2,a2,1
     8c8:	fdc619e3          	bne	a2,t3,89a <GPIO_Init+0x9a>
     8cc:	c154                	sw	a3,4(a0)
     8ce:	8082                	ret
     8d0:	40011737          	lui	a4,0x40011
     8d4:	f6e510e3          	bne	a0,a4,834 <GPIO_Init+0x34>
     8d8:	8181c703          	lbu	a4,-2024(gp) # 20000098 <_edata>
     8dc:	df21                	beqz	a4,834 <GPIO_Init+0x34>
     8de:	bf81                	j	82e <GPIO_Init+0x2e>
     8e0:	f8579ce3          	bne	a5,t0,878 <GPIO_Init+0x78>
     8e4:	c910                	sw	a2,16(a0)
     8e6:	bf49                	j	878 <GPIO_Init+0x78>
     8e8:	fc579fe3          	bne	a5,t0,8c6 <GPIO_Init+0xc6>
     8ec:	01152823          	sw	a7,16(a0)
     8f0:	bfd9                	j	8c6 <GPIO_Init+0xc6>

000008f2 <GPIO_SetBits>:
     8f2:	400117b7          	lui	a5,0x40011
     8f6:	00f51663          	bne	a0,a5,902 <GPIO_SetBits+0x10>
     8fa:	8181c783          	lbu	a5,-2024(gp) # 20000098 <_edata>
     8fe:	c391                	beqz	a5,902 <GPIO_SetBits+0x10>
     900:	81b5                	srli	a1,a1,0xd
     902:	c90c                	sw	a1,16(a0)
     904:	8082                	ret

00000906 <GPIO_ResetBits>:
     906:	400117b7          	lui	a5,0x40011
     90a:	00f51663          	bne	a0,a5,916 <GPIO_ResetBits+0x10>
     90e:	8181c783          	lbu	a5,-2024(gp) # 20000098 <_edata>
     912:	c391                	beqz	a5,916 <GPIO_ResetBits+0x10>
     914:	81b5                	srli	a1,a1,0xd
     916:	c94c                	sw	a1,20(a0)
     918:	8082                	ret

0000091a <RCC_ADCCLKConfig>:
     91a:	400216b7          	lui	a3,0x40021
     91e:	42dc                	lw	a5,4(a3)
     920:	7751                	lui	a4,0xffff4
     922:	177d                	addi	a4,a4,-1
     924:	8ff9                	and	a5,a5,a4
     926:	8d5d                	or	a0,a0,a5
     928:	c2c8                	sw	a0,4(a3)
     92a:	8082                	ret

0000092c <RCC_GetClocksFreq>:
     92c:	40021737          	lui	a4,0x40021
     930:	435c                	lw	a5,4(a4)
     932:	4691                	li	a3,4
     934:	8bb1                	andi	a5,a5,12
     936:	00d78563          	beq	a5,a3,940 <RCC_GetClocksFreq+0x14>
     93a:	46a1                	li	a3,8
     93c:	06d78263          	beq	a5,a3,9a0 <RCC_GetClocksFreq+0x74>
     940:	007a17b7          	lui	a5,0x7a1
     944:	20078793          	addi	a5,a5,512 # 7a1200 <_data_lma+0x79e950>
     948:	c11c                	sw	a5,0(a0)
     94a:	40021637          	lui	a2,0x40021
     94e:	425c                	lw	a5,4(a2)
     950:	20000737          	lui	a4,0x20000
     954:	01070713          	addi	a4,a4,16 # 20000010 <APBAHBPrescTable>
     958:	8391                	srli	a5,a5,0x4
     95a:	8bbd                	andi	a5,a5,15
     95c:	97ba                	add	a5,a5,a4
     95e:	2394                	lbu	a3,0(a5)
     960:	411c                	lw	a5,0(a0)
     962:	00d7d7b3          	srl	a5,a5,a3
     966:	c15c                	sw	a5,4(a0)
     968:	4254                	lw	a3,4(a2)
     96a:	82a1                	srli	a3,a3,0x8
     96c:	8a9d                	andi	a3,a3,7
     96e:	96ba                	add	a3,a3,a4
     970:	2294                	lbu	a3,0(a3)
     972:	00d7d6b3          	srl	a3,a5,a3
     976:	c514                	sw	a3,8(a0)
     978:	4254                	lw	a3,4(a2)
     97a:	82ad                	srli	a3,a3,0xb
     97c:	8a9d                	andi	a3,a3,7
     97e:	9736                	add	a4,a4,a3
     980:	2318                	lbu	a4,0(a4)
     982:	00e7d7b3          	srl	a5,a5,a4
     986:	c55c                	sw	a5,12(a0)
     988:	4258                	lw	a4,4(a2)
     98a:	8339                	srli	a4,a4,0xe
     98c:	00377693          	andi	a3,a4,3
     990:	80418713          	addi	a4,gp,-2044 # 20000084 <ADCPrescTable>
     994:	9736                	add	a4,a4,a3
     996:	2318                	lbu	a4,0(a4)
     998:	02e7d7b3          	divu	a5,a5,a4
     99c:	c91c                	sw	a5,16(a0)
     99e:	8082                	ret
     9a0:	435c                	lw	a5,4(a4)
     9a2:	4358                	lw	a4,4(a4)
     9a4:	66c1                	lui	a3,0x10
     9a6:	83c9                	srli	a5,a5,0x12
     9a8:	8bbd                	andi	a5,a5,15
     9aa:	8f75                	and	a4,a4,a3
     9ac:	0789                	addi	a5,a5,2
     9ae:	46c5                	li	a3,17
     9b0:	00d79363          	bne	a5,a3,9b6 <RCC_GetClocksFreq+0x8a>
     9b4:	47c9                	li	a5,18
     9b6:	ef01                	bnez	a4,9ce <RCC_GetClocksFreq+0xa2>
     9b8:	40024737          	lui	a4,0x40024
     9bc:	80072703          	lw	a4,-2048(a4) # 40023800 <_eusrstack+0x2001e800>
     9c0:	8b41                	andi	a4,a4,16
     9c2:	cf09                	beqz	a4,9dc <RCC_GetClocksFreq+0xb0>
     9c4:	007a1737          	lui	a4,0x7a1
     9c8:	20070713          	addi	a4,a4,512 # 7a1200 <_data_lma+0x79e950>
     9cc:	a821                	j	9e4 <RCC_GetClocksFreq+0xb8>
     9ce:	40021737          	lui	a4,0x40021
     9d2:	4358                	lw	a4,4(a4)
     9d4:	00e71693          	slli	a3,a4,0xe
     9d8:	fe06d6e3          	bgez	a3,9c4 <RCC_GetClocksFreq+0x98>
     9dc:	003d1737          	lui	a4,0x3d1
     9e0:	90070713          	addi	a4,a4,-1792 # 3d0900 <_data_lma+0x3ce050>
     9e4:	02e787b3          	mul	a5,a5,a4
     9e8:	b785                	j	948 <RCC_GetClocksFreq+0x1c>

000009ea <RCC_APB2PeriphClockCmd>:
     9ea:	c599                	beqz	a1,9f8 <RCC_APB2PeriphClockCmd+0xe>
     9ec:	40021737          	lui	a4,0x40021
     9f0:	4f1c                	lw	a5,24(a4)
     9f2:	8d5d                	or	a0,a0,a5
     9f4:	cf08                	sw	a0,24(a4)
     9f6:	8082                	ret
     9f8:	400217b7          	lui	a5,0x40021
     9fc:	4f98                	lw	a4,24(a5)
     9fe:	fff54513          	not	a0,a0
     a02:	8d79                	and	a0,a0,a4
     a04:	cf88                	sw	a0,24(a5)
     a06:	8082                	ret

00000a08 <RCC_APB1PeriphClockCmd>:
     a08:	c599                	beqz	a1,a16 <RCC_APB1PeriphClockCmd+0xe>
     a0a:	40021737          	lui	a4,0x40021
     a0e:	4f5c                	lw	a5,28(a4)
     a10:	8d5d                	or	a0,a0,a5
     a12:	cf48                	sw	a0,28(a4)
     a14:	8082                	ret
     a16:	400217b7          	lui	a5,0x40021
     a1a:	4fd8                	lw	a4,28(a5)
     a1c:	fff54513          	not	a0,a0
     a20:	8d79                	and	a0,a0,a4
     a22:	cfc8                	sw	a0,28(a5)
     a24:	8082                	ret

00000a26 <USART_Init>:
     a26:	f0aff2ef          	jal	t0,130 <__riscv_save_0>
     a2a:	291a                	lhu	a4,16(a0)
     a2c:	77f5                	lui	a5,0xffffd
     a2e:	17fd                	addi	a5,a5,-1
     a30:	8ff9                	and	a5,a5,a4
     a32:	21fa                	lhu	a4,6(a1)
     a34:	1101                	addi	sp,sp,-32
     a36:	842a                	mv	s0,a0
     a38:	8fd9                	or	a5,a5,a4
     a3a:	a91e                	sh	a5,16(a0)
     a3c:	259a                	lhu	a4,8(a1)
     a3e:	21de                	lhu	a5,4(a1)
     a40:	2556                	lhu	a3,12(a0)
     a42:	84ae                	mv	s1,a1
     a44:	8fd9                	or	a5,a5,a4
     a46:	25ba                	lhu	a4,10(a1)
     a48:	8fd9                	or	a5,a5,a4
     a4a:	777d                	lui	a4,0xfffff
     a4c:	9f370713          	addi	a4,a4,-1549 # ffffe9f3 <_eusrstack+0xdfff99f3>
     a50:	8f75                	and	a4,a4,a3
     a52:	8fd9                	or	a5,a5,a4
     a54:	a55e                	sh	a5,12(a0)
     a56:	295e                	lhu	a5,20(a0)
     a58:	25da                	lhu	a4,12(a1)
     a5a:	07c2                	slli	a5,a5,0x10
     a5c:	83c1                	srli	a5,a5,0x10
     a5e:	cff7f793          	andi	a5,a5,-769
     a62:	8fd9                	or	a5,a5,a4
     a64:	a95e                	sh	a5,20(a0)
     a66:	0068                	addi	a0,sp,12
     a68:	35d1                	jal	92c <RCC_GetClocksFreq>
     a6a:	400147b7          	lui	a5,0x40014
     a6e:	80078793          	addi	a5,a5,-2048 # 40013800 <_eusrstack+0x2000e800>
     a72:	04f41663          	bne	s0,a5,abe <USART_Init+0x98>
     a76:	47e2                	lw	a5,24(sp)
     a78:	4565                	li	a0,25
     a7a:	02f535b3          	mulhu	a1,a0,a5
     a7e:	4090                	lw	a2,0(s1)
     a80:	4681                	li	a3,0
     a82:	060a                	slli	a2,a2,0x2
     a84:	02f50533          	mul	a0,a0,a5
     a88:	2ab5                	jal	c04 <__udivdi3>
     a8a:	06400693          	li	a3,100
     a8e:	02d55733          	divu	a4,a0,a3
     a92:	0712                	slli	a4,a4,0x4
     a94:	00475793          	srli	a5,a4,0x4
     a98:	02f687b3          	mul	a5,a3,a5
     a9c:	8d1d                	sub	a0,a0,a5
     a9e:	00451793          	slli	a5,a0,0x4
     aa2:	03278513          	addi	a0,a5,50
     aa6:	63f00793          	li	a5,1599
     aaa:	00a7fc63          	bgeu	a5,a0,ac2 <USART_Init+0x9c>
     aae:	01070513          	addi	a0,a4,16
     ab2:	0542                	slli	a0,a0,0x10
     ab4:	8141                	srli	a0,a0,0x10
     ab6:	a40a                	sh	a0,8(s0)
     ab8:	6105                	addi	sp,sp,32
     aba:	e9aff06f          	j	154 <__riscv_restore_0>
     abe:	47d2                	lw	a5,20(sp)
     ac0:	bf65                	j	a78 <USART_Init+0x52>
     ac2:	02d55533          	divu	a0,a0,a3
     ac6:	8d59                	or	a0,a0,a4
     ac8:	b7ed                	j	ab2 <USART_Init+0x8c>

00000aca <USART_Cmd>:
     aca:	c591                	beqz	a1,ad6 <USART_Cmd+0xc>
     acc:	255e                	lhu	a5,12(a0)
     ace:	6709                	lui	a4,0x2
     ad0:	8fd9                	or	a5,a5,a4
     ad2:	a55e                	sh	a5,12(a0)
     ad4:	8082                	ret
     ad6:	255a                	lhu	a4,12(a0)
     ad8:	77f9                	lui	a5,0xffffe
     ada:	17fd                	addi	a5,a5,-1
     adc:	8ff9                	and	a5,a5,a4
     ade:	bfd5                	j	ad2 <USART_Cmd+0x8>

00000ae0 <USART_SendData>:
     ae0:	1ff5f593          	andi	a1,a1,511
     ae4:	a14e                	sh	a1,4(a0)
     ae6:	8082                	ret

00000ae8 <USART_GetFlagStatus>:
     ae8:	210a                	lhu	a0,0(a0)
     aea:	8d6d                	and	a0,a0,a1
     aec:	00a03533          	snez	a0,a0
     af0:	8082                	ret

00000af2 <Delay_Init>:
     af2:	200007b7          	lui	a5,0x20000
     af6:	0807a783          	lw	a5,128(a5) # 20000080 <SystemCoreClock>
     afa:	007a1737          	lui	a4,0x7a1
     afe:	20070713          	addi	a4,a4,512 # 7a1200 <_data_lma+0x79e950>
     b02:	02e7d7b3          	divu	a5,a5,a4
     b06:	0ff7f793          	andi	a5,a5,255
     b0a:	80f18e23          	sb	a5,-2020(gp) # 2000009c <p_us>
     b0e:	3e800713          	li	a4,1000
     b12:	02e787b3          	mul	a5,a5,a4
     b16:	80f19d23          	sh	a5,-2022(gp) # 2000009a <p_ms>
     b1a:	8082                	ret

00000b1c <Delay_Ms>:
     b1c:	e000f7b7          	lui	a5,0xe000f
     b20:	43d8                	lw	a4,4(a5)
     b22:	4681                	li	a3,0
     b24:	9b79                	andi	a4,a4,-2
     b26:	c3d8                	sw	a4,4(a5)
     b28:	81a1d703          	lhu	a4,-2022(gp) # 2000009a <p_ms>
     b2c:	02a70633          	mul	a2,a4,a0
     b30:	cb90                	sw	a2,16(a5)
     b32:	cbd4                	sw	a3,20(a5)
     b34:	4398                	lw	a4,0(a5)
     b36:	01076713          	ori	a4,a4,16
     b3a:	c398                	sw	a4,0(a5)
     b3c:	4398                	lw	a4,0(a5)
     b3e:	02176713          	ori	a4,a4,33
     b42:	c398                	sw	a4,0(a5)
     b44:	43d8                	lw	a4,4(a5)
     b46:	8b05                	andi	a4,a4,1
     b48:	df75                	beqz	a4,b44 <Delay_Ms+0x28>
     b4a:	4398                	lw	a4,0(a5)
     b4c:	9b79                	andi	a4,a4,-2
     b4e:	c398                	sw	a4,0(a5)
     b50:	8082                	ret

00000b52 <USART_Printf_Init>:
     b52:	ddeff2ef          	jal	t0,130 <__riscv_save_0>
     b56:	842a                	mv	s0,a0
     b58:	6511                	lui	a0,0x4
     b5a:	1101                	addi	sp,sp,-32
     b5c:	4585                	li	a1,1
     b5e:	0511                	addi	a0,a0,4
     b60:	3569                	jal	9ea <RCC_APB2PeriphClockCmd>
     b62:	20000793          	li	a5,512
     b66:	827c                	sh	a5,4(sp)
     b68:	40011537          	lui	a0,0x40011
     b6c:	478d                	li	a5,3
     b6e:	c43e                	sw	a5,8(sp)
     b70:	004c                	addi	a1,sp,4
     b72:	47e1                	li	a5,24
     b74:	80050513          	addi	a0,a0,-2048 # 40010800 <_eusrstack+0x2000b800>
     b78:	c63e                	sw	a5,12(sp)
     b7a:	3159                	jal	800 <GPIO_Init>
     b7c:	c822                	sw	s0,16(sp)
     b7e:	40014437          	lui	s0,0x40014
     b82:	000807b7          	lui	a5,0x80
     b86:	080c                	addi	a1,sp,16
     b88:	80040513          	addi	a0,s0,-2048 # 40013800 <_eusrstack+0x2000e800>
     b8c:	cc3e                	sw	a5,24(sp)
     b8e:	ca02                	sw	zero,20(sp)
     b90:	00011e23          	sh	zero,28(sp)
     b94:	3d49                	jal	a26 <USART_Init>
     b96:	4585                	li	a1,1
     b98:	80040513          	addi	a0,s0,-2048
     b9c:	373d                	jal	aca <USART_Cmd>
     b9e:	6105                	addi	sp,sp,32
     ba0:	db4ff06f          	j	154 <__riscv_restore_0>

00000ba4 <_write>:
     ba4:	d72ff2ef          	jal	t0,116 <__riscv_save_4>
     ba8:	400144b7          	lui	s1,0x40014
     bac:	89ae                	mv	s3,a1
     bae:	8932                	mv	s2,a2
     bb0:	4401                	li	s0,0
     bb2:	80048493          	addi	s1,s1,-2048 # 40013800 <_eusrstack+0x2000e800>
     bb6:	01244563          	blt	s0,s2,bc0 <_write+0x1c>
     bba:	854a                	mv	a0,s2
     bbc:	d8eff06f          	j	14a <__riscv_restore_4>
     bc0:	04000593          	li	a1,64
     bc4:	8526                	mv	a0,s1
     bc6:	370d                	jal	ae8 <USART_GetFlagStatus>
     bc8:	dd65                	beqz	a0,bc0 <_write+0x1c>
     bca:	008987b3          	add	a5,s3,s0
     bce:	00078583          	lb	a1,0(a5) # 80000 <_data_lma+0x7d750>
     bd2:	8526                	mv	a0,s1
     bd4:	0405                	addi	s0,s0,1
     bd6:	05c2                	slli	a1,a1,0x10
     bd8:	81c1                	srli	a1,a1,0x10
     bda:	3719                	jal	ae0 <USART_SendData>
     bdc:	bfe9                	j	bb6 <_write+0x12>

00000bde <_sbrk>:
     bde:	80818713          	addi	a4,gp,-2040 # 20000088 <curbrk.4672>
     be2:	431c                	lw	a5,0(a4)
     be4:	82c18693          	addi	a3,gp,-2004 # 200000ac <_ebss>
     be8:	953e                	add	a0,a0,a5
     bea:	00d56b63          	bltu	a0,a3,c00 <_sbrk+0x22>
     bee:	200056b7          	lui	a3,0x20005
     bf2:	80068693          	addi	a3,a3,-2048 # 20004800 <_heap_end>
     bf6:	00a6e563          	bltu	a3,a0,c00 <_sbrk+0x22>
     bfa:	c308                	sw	a0,0(a4)
     bfc:	853e                	mv	a0,a5
     bfe:	8082                	ret
     c00:	57fd                	li	a5,-1
     c02:	bfed                	j	bfc <_sbrk+0x1e>

00000c04 <__udivdi3>:
     c04:	87b6                	mv	a5,a3
     c06:	88b2                	mv	a7,a2
     c08:	832a                	mv	t1,a0
     c0a:	882e                	mv	a6,a1
     c0c:	14069b63          	bnez	a3,d62 <__udivdi3+0x15e>
     c10:	0ac5f863          	bgeu	a1,a2,cc0 <__udivdi3+0xbc>
     c14:	6741                	lui	a4,0x10
     c16:	1ae66b63          	bltu	a2,a4,dcc <__udivdi3+0x1c8>
     c1a:	010007b7          	lui	a5,0x1000
     c1e:	34f66063          	bltu	a2,a5,f5e <__udivdi3+0x35a>
     c22:	01865693          	srli	a3,a2,0x18
     c26:	47e1                	li	a5,24
     c28:	00002717          	auipc	a4,0x2
     c2c:	aec70713          	addi	a4,a4,-1300 # 2714 <__clz_tab>
     c30:	9736                	add	a4,a4,a3
     c32:	2318                	lbu	a4,0(a4)
     c34:	97ba                	add	a5,a5,a4
     c36:	02000713          	li	a4,32
     c3a:	8f1d                	sub	a4,a4,a5
     c3c:	cb19                	beqz	a4,c52 <__udivdi3+0x4e>
     c3e:	00e59833          	sll	a6,a1,a4
     c42:	00f557b3          	srl	a5,a0,a5
     c46:	00e618b3          	sll	a7,a2,a4
     c4a:	0107e833          	or	a6,a5,a6
     c4e:	00e51333          	sll	t1,a0,a4
     c52:	0108d613          	srli	a2,a7,0x10
     c56:	02c85533          	divu	a0,a6,a2
     c5a:	01089693          	slli	a3,a7,0x10
     c5e:	82c1                	srli	a3,a3,0x10
     c60:	01035793          	srli	a5,t1,0x10
     c64:	02c87733          	remu	a4,a6,a2
     c68:	02a685b3          	mul	a1,a3,a0
     c6c:	0742                	slli	a4,a4,0x10
     c6e:	00f76833          	or	a6,a4,a5
     c72:	00b87a63          	bgeu	a6,a1,c86 <__udivdi3+0x82>
     c76:	9846                	add	a6,a6,a7
     c78:	fff50793          	addi	a5,a0,-1
     c7c:	01186463          	bltu	a6,a7,c84 <__udivdi3+0x80>
     c80:	30b86563          	bltu	a6,a1,f8a <__udivdi3+0x386>
     c84:	853e                	mv	a0,a5
     c86:	40b80833          	sub	a6,a6,a1
     c8a:	02c85733          	divu	a4,a6,a2
     c8e:	0342                	slli	t1,t1,0x10
     c90:	01035313          	srli	t1,t1,0x10
     c94:	02c87833          	remu	a6,a6,a2
     c98:	02e686b3          	mul	a3,a3,a4
     c9c:	0842                	slli	a6,a6,0x10
     c9e:	00686833          	or	a6,a6,t1
     ca2:	00d87b63          	bgeu	a6,a3,cb8 <__udivdi3+0xb4>
     ca6:	9846                	add	a6,a6,a7
     ca8:	fff70793          	addi	a5,a4,-1
     cac:	01186563          	bltu	a6,a7,cb6 <__udivdi3+0xb2>
     cb0:	1779                	addi	a4,a4,-2
     cb2:	00d86363          	bltu	a6,a3,cb8 <__udivdi3+0xb4>
     cb6:	873e                	mv	a4,a5
     cb8:	0542                	slli	a0,a0,0x10
     cba:	8d59                	or	a0,a0,a4
     cbc:	4581                	li	a1,0
     cbe:	8082                	ret
     cc0:	e601                	bnez	a2,cc8 <__udivdi3+0xc4>
     cc2:	4705                	li	a4,1
     cc4:	02c758b3          	divu	a7,a4,a2
     cc8:	6741                	lui	a4,0x10
     cca:	0ee8e863          	bltu	a7,a4,dba <__udivdi3+0x1b6>
     cce:	010007b7          	lui	a5,0x1000
     cd2:	28f8ea63          	bltu	a7,a5,f66 <__udivdi3+0x362>
     cd6:	0188d693          	srli	a3,a7,0x18
     cda:	47e1                	li	a5,24
     cdc:	00002717          	auipc	a4,0x2
     ce0:	a3870713          	addi	a4,a4,-1480 # 2714 <__clz_tab>
     ce4:	9736                	add	a4,a4,a3
     ce6:	2314                	lbu	a3,0(a4)
     ce8:	96be                	add	a3,a3,a5
     cea:	02000793          	li	a5,32
     cee:	8f95                	sub	a5,a5,a3
     cf0:	e7fd                	bnez	a5,dde <__udivdi3+0x1da>
     cf2:	01089e93          	slli	t4,a7,0x10
     cf6:	41158733          	sub	a4,a1,a7
     cfa:	0108df13          	srli	t5,a7,0x10
     cfe:	010ede93          	srli	t4,t4,0x10
     d02:	4585                	li	a1,1
     d04:	01035793          	srli	a5,t1,0x10
     d08:	03e75533          	divu	a0,a4,t5
     d0c:	03e77733          	remu	a4,a4,t5
     d10:	03d506b3          	mul	a3,a0,t4
     d14:	0742                	slli	a4,a4,0x10
     d16:	8fd9                	or	a5,a5,a4
     d18:	00d7fa63          	bgeu	a5,a3,d2c <__udivdi3+0x128>
     d1c:	97c6                	add	a5,a5,a7
     d1e:	fff50713          	addi	a4,a0,-1
     d22:	0117e463          	bltu	a5,a7,d2a <__udivdi3+0x126>
     d26:	26d7e563          	bltu	a5,a3,f90 <__udivdi3+0x38c>
     d2a:	853a                	mv	a0,a4
     d2c:	8f95                	sub	a5,a5,a3
     d2e:	03e7d733          	divu	a4,a5,t5
     d32:	0342                	slli	t1,t1,0x10
     d34:	01035313          	srli	t1,t1,0x10
     d38:	03e7f7b3          	remu	a5,a5,t5
     d3c:	03d70eb3          	mul	t4,a4,t4
     d40:	07c2                	slli	a5,a5,0x10
     d42:	0067e7b3          	or	a5,a5,t1
     d46:	01d7fb63          	bgeu	a5,t4,d5c <__udivdi3+0x158>
     d4a:	97c6                	add	a5,a5,a7
     d4c:	fff70693          	addi	a3,a4,-1
     d50:	0117e563          	bltu	a5,a7,d5a <__udivdi3+0x156>
     d54:	1779                	addi	a4,a4,-2
     d56:	01d7e363          	bltu	a5,t4,d5c <__udivdi3+0x158>
     d5a:	8736                	mv	a4,a3
     d5c:	0542                	slli	a0,a0,0x10
     d5e:	8d59                	or	a0,a0,a4
     d60:	8082                	ret
     d62:	04d5e163          	bltu	a1,a3,da4 <__udivdi3+0x1a0>
     d66:	67c1                	lui	a5,0x10
     d68:	04f6e163          	bltu	a3,a5,daa <__udivdi3+0x1a6>
     d6c:	010007b7          	lui	a5,0x1000
     d70:	1ef6e363          	bltu	a3,a5,f56 <__udivdi3+0x352>
     d74:	0186d713          	srli	a4,a3,0x18
     d78:	4861                	li	a6,24
     d7a:	00002797          	auipc	a5,0x2
     d7e:	99a78793          	addi	a5,a5,-1638 # 2714 <__clz_tab>
     d82:	97ba                	add	a5,a5,a4
     d84:	2398                	lbu	a4,0(a5)
     d86:	02000e13          	li	t3,32
     d8a:	9742                	add	a4,a4,a6
     d8c:	40ee0e33          	sub	t3,t3,a4
     d90:	0c0e1a63          	bnez	t3,e64 <__udivdi3+0x260>
     d94:	1cb6ed63          	bltu	a3,a1,f6e <__udivdi3+0x36a>
     d98:	00c53533          	sltu	a0,a0,a2
     d9c:	00154513          	xori	a0,a0,1
     da0:	4581                	li	a1,0
     da2:	8082                	ret
     da4:	4581                	li	a1,0
     da6:	4501                	li	a0,0
     da8:	8082                	ret
     daa:	0ff00793          	li	a5,255
     dae:	1cd7f363          	bgeu	a5,a3,f74 <__udivdi3+0x370>
     db2:	0086d713          	srli	a4,a3,0x8
     db6:	4821                	li	a6,8
     db8:	b7c9                	j	d7a <__udivdi3+0x176>
     dba:	0ff00713          	li	a4,255
     dbe:	86c6                	mv	a3,a7
     dc0:	f1177ee3          	bgeu	a4,a7,cdc <__udivdi3+0xd8>
     dc4:	0088d693          	srli	a3,a7,0x8
     dc8:	47a1                	li	a5,8
     dca:	bf09                	j	cdc <__udivdi3+0xd8>
     dcc:	0ff00713          	li	a4,255
     dd0:	86b2                	mv	a3,a2
     dd2:	e4c77be3          	bgeu	a4,a2,c28 <__udivdi3+0x24>
     dd6:	00865693          	srli	a3,a2,0x8
     dda:	47a1                	li	a5,8
     ddc:	b5b1                	j	c28 <__udivdi3+0x24>
     dde:	00f898b3          	sll	a7,a7,a5
     de2:	00d5d633          	srl	a2,a1,a3
     de6:	0108df13          	srli	t5,a7,0x10
     dea:	03e65e33          	divu	t3,a2,t5
     dee:	00f59733          	sll	a4,a1,a5
     df2:	00d556b3          	srl	a3,a0,a3
     df6:	8f55                	or	a4,a4,a3
     df8:	01089e93          	slli	t4,a7,0x10
     dfc:	010ede93          	srli	t4,t4,0x10
     e00:	00f51333          	sll	t1,a0,a5
     e04:	01075593          	srli	a1,a4,0x10
     e08:	03e676b3          	remu	a3,a2,t5
     e0c:	03ce87b3          	mul	a5,t4,t3
     e10:	06c2                	slli	a3,a3,0x10
     e12:	8ecd                	or	a3,a3,a1
     e14:	00f6fb63          	bgeu	a3,a5,e2a <__udivdi3+0x226>
     e18:	96c6                	add	a3,a3,a7
     e1a:	fffe0613          	addi	a2,t3,-1
     e1e:	1716e463          	bltu	a3,a7,f86 <__udivdi3+0x382>
     e22:	16f6f263          	bgeu	a3,a5,f86 <__udivdi3+0x382>
     e26:	1e79                	addi	t3,t3,-2
     e28:	96c6                	add	a3,a3,a7
     e2a:	8e9d                	sub	a3,a3,a5
     e2c:	03e6d633          	divu	a2,a3,t5
     e30:	01071793          	slli	a5,a4,0x10
     e34:	83c1                	srli	a5,a5,0x10
     e36:	03e6f6b3          	remu	a3,a3,t5
     e3a:	02ce8533          	mul	a0,t4,a2
     e3e:	01069713          	slli	a4,a3,0x10
     e42:	8f5d                	or	a4,a4,a5
     e44:	00a77b63          	bgeu	a4,a0,e5a <__udivdi3+0x256>
     e48:	9746                	add	a4,a4,a7
     e4a:	fff60793          	addi	a5,a2,-1 # 40020fff <_eusrstack+0x2001bfff>
     e4e:	13176863          	bltu	a4,a7,f7e <__udivdi3+0x37a>
     e52:	12a77663          	bgeu	a4,a0,f7e <__udivdi3+0x37a>
     e56:	1679                	addi	a2,a2,-2
     e58:	9746                	add	a4,a4,a7
     e5a:	010e1593          	slli	a1,t3,0x10
     e5e:	8f09                	sub	a4,a4,a0
     e60:	8dd1                	or	a1,a1,a2
     e62:	b54d                	j	d04 <__udivdi3+0x100>
     e64:	00e657b3          	srl	a5,a2,a4
     e68:	01c696b3          	sll	a3,a3,t3
     e6c:	8edd                	or	a3,a3,a5
     e6e:	00e5d333          	srl	t1,a1,a4
     e72:	0106df13          	srli	t5,a3,0x10
     e76:	03e357b3          	divu	a5,t1,t5
     e7a:	01069e93          	slli	t4,a3,0x10
     e7e:	010ede93          	srli	t4,t4,0x10
     e82:	01c59833          	sll	a6,a1,t3
     e86:	00e55733          	srl	a4,a0,a4
     e8a:	01076833          	or	a6,a4,a6
     e8e:	01085893          	srli	a7,a6,0x10
     e92:	01c61633          	sll	a2,a2,t3
     e96:	03e37333          	remu	t1,t1,t5
     e9a:	02fe85b3          	mul	a1,t4,a5
     e9e:	0342                	slli	t1,t1,0x10
     ea0:	011368b3          	or	a7,t1,a7
     ea4:	00b8fb63          	bgeu	a7,a1,eba <__udivdi3+0x2b6>
     ea8:	98b6                	add	a7,a7,a3
     eaa:	fff78713          	addi	a4,a5,-1
     eae:	0cd8ea63          	bltu	a7,a3,f82 <__udivdi3+0x37e>
     eb2:	0cb8f863          	bgeu	a7,a1,f82 <__udivdi3+0x37e>
     eb6:	17f9                	addi	a5,a5,-2
     eb8:	98b6                	add	a7,a7,a3
     eba:	40b888b3          	sub	a7,a7,a1
     ebe:	03e8d733          	divu	a4,a7,t5
     ec2:	0842                	slli	a6,a6,0x10
     ec4:	01085813          	srli	a6,a6,0x10
     ec8:	03e8f8b3          	remu	a7,a7,t5
     ecc:	02ee8333          	mul	t1,t4,a4
     ed0:	08c2                	slli	a7,a7,0x10
     ed2:	0108e5b3          	or	a1,a7,a6
     ed6:	0065fb63          	bgeu	a1,t1,eec <__udivdi3+0x2e8>
     eda:	95b6                	add	a1,a1,a3
     edc:	fff70813          	addi	a6,a4,-1
     ee0:	08d5ed63          	bltu	a1,a3,f7a <__udivdi3+0x376>
     ee4:	0865fb63          	bgeu	a1,t1,f7a <__udivdi3+0x376>
     ee8:	1779                	addi	a4,a4,-2
     eea:	95b6                	add	a1,a1,a3
     eec:	07c2                	slli	a5,a5,0x10
     eee:	6f41                	lui	t5,0x10
     ef0:	8fd9                	or	a5,a5,a4
     ef2:	ffff0713          	addi	a4,t5,-1 # ffff <_data_lma+0xd74f>
     ef6:	00e7f6b3          	and	a3,a5,a4
     efa:	0107d893          	srli	a7,a5,0x10
     efe:	8f71                	and	a4,a4,a2
     f00:	8241                	srli	a2,a2,0x10
     f02:	02e68eb3          	mul	t4,a3,a4
     f06:	406585b3          	sub	a1,a1,t1
     f0a:	02c686b3          	mul	a3,a3,a2
     f0e:	010ed813          	srli	a6,t4,0x10
     f12:	02e88733          	mul	a4,a7,a4
     f16:	96ba                	add	a3,a3,a4
     f18:	96c2                	add	a3,a3,a6
     f1a:	02c88633          	mul	a2,a7,a2
     f1e:	00e6f363          	bgeu	a3,a4,f24 <__udivdi3+0x320>
     f22:	967a                	add	a2,a2,t5
     f24:	0106d893          	srli	a7,a3,0x10
     f28:	9646                	add	a2,a2,a7
     f2a:	02c5e263          	bltu	a1,a2,f4e <__udivdi3+0x34a>
     f2e:	00c58563          	beq	a1,a2,f38 <__udivdi3+0x334>
     f32:	853e                	mv	a0,a5
     f34:	4581                	li	a1,0
     f36:	8082                	ret
     f38:	6741                	lui	a4,0x10
     f3a:	177d                	addi	a4,a4,-1
     f3c:	8ef9                	and	a3,a3,a4
     f3e:	06c2                	slli	a3,a3,0x10
     f40:	00eefeb3          	and	t4,t4,a4
     f44:	01c51533          	sll	a0,a0,t3
     f48:	96f6                	add	a3,a3,t4
     f4a:	fed574e3          	bgeu	a0,a3,f32 <__udivdi3+0x32e>
     f4e:	fff78513          	addi	a0,a5,-1
     f52:	4581                	li	a1,0
     f54:	8082                	ret
     f56:	0106d713          	srli	a4,a3,0x10
     f5a:	4841                	li	a6,16
     f5c:	bd39                	j	d7a <__udivdi3+0x176>
     f5e:	01065693          	srli	a3,a2,0x10
     f62:	47c1                	li	a5,16
     f64:	b1d1                	j	c28 <__udivdi3+0x24>
     f66:	0108d693          	srli	a3,a7,0x10
     f6a:	47c1                	li	a5,16
     f6c:	bb85                	j	cdc <__udivdi3+0xd8>
     f6e:	4581                	li	a1,0
     f70:	4505                	li	a0,1
     f72:	8082                	ret
     f74:	8736                	mv	a4,a3
     f76:	4801                	li	a6,0
     f78:	b509                	j	d7a <__udivdi3+0x176>
     f7a:	8742                	mv	a4,a6
     f7c:	bf85                	j	eec <__udivdi3+0x2e8>
     f7e:	863e                	mv	a2,a5
     f80:	bde9                	j	e5a <__udivdi3+0x256>
     f82:	87ba                	mv	a5,a4
     f84:	bf1d                	j	eba <__udivdi3+0x2b6>
     f86:	8e32                	mv	t3,a2
     f88:	b54d                	j	e2a <__udivdi3+0x226>
     f8a:	1579                	addi	a0,a0,-2
     f8c:	9846                	add	a6,a6,a7
     f8e:	b9e5                	j	c86 <__udivdi3+0x82>
     f90:	1579                	addi	a0,a0,-2
     f92:	97c6                	add	a5,a5,a7
     f94:	bb61                	j	d2c <__udivdi3+0x128>

00000f96 <iprintf>:
     f96:	7139                	addi	sp,sp,-64
     f98:	da3e                	sw	a5,52(sp)
     f9a:	d22e                	sw	a1,36(sp)
     f9c:	d432                	sw	a2,40(sp)
     f9e:	d636                	sw	a3,44(sp)
     fa0:	d83a                	sw	a4,48(sp)
     fa2:	dc42                	sw	a6,56(sp)
     fa4:	de46                	sw	a7,60(sp)
     fa6:	80c18793          	addi	a5,gp,-2036 # 2000008c <_impure_ptr>
     faa:	cc22                	sw	s0,24(sp)
     fac:	4380                	lw	s0,0(a5)
     fae:	ca26                	sw	s1,20(sp)
     fb0:	ce06                	sw	ra,28(sp)
     fb2:	84aa                	mv	s1,a0
     fb4:	c409                	beqz	s0,fbe <iprintf+0x28>
     fb6:	4c1c                	lw	a5,24(s0)
     fb8:	e399                	bnez	a5,fbe <iprintf+0x28>
     fba:	8522                	mv	a0,s0
     fbc:	2381                	jal	14fc <__sinit>
     fbe:	440c                	lw	a1,8(s0)
     fc0:	1054                	addi	a3,sp,36
     fc2:	8626                	mv	a2,s1
     fc4:	8522                	mv	a0,s0
     fc6:	c636                	sw	a3,12(sp)
     fc8:	4b9000ef          	jal	ra,1c80 <_vfiprintf_r>
     fcc:	40f2                	lw	ra,28(sp)
     fce:	4462                	lw	s0,24(sp)
     fd0:	44d2                	lw	s1,20(sp)
     fd2:	6121                	addi	sp,sp,64
     fd4:	8082                	ret

00000fd6 <_puts_r>:
     fd6:	1101                	addi	sp,sp,-32
     fd8:	ca26                	sw	s1,20(sp)
     fda:	c84a                	sw	s2,16(sp)
     fdc:	ce06                	sw	ra,28(sp)
     fde:	cc22                	sw	s0,24(sp)
     fe0:	c64e                	sw	s3,12(sp)
     fe2:	c452                	sw	s4,8(sp)
     fe4:	84aa                	mv	s1,a0
     fe6:	892e                	mv	s2,a1
     fe8:	c501                	beqz	a0,ff0 <_puts_r+0x1a>
     fea:	4d1c                	lw	a5,24(a0)
     fec:	e391                	bnez	a5,ff0 <_puts_r+0x1a>
     fee:	2339                	jal	14fc <__sinit>
     ff0:	4c9c                	lw	a5,24(s1)
     ff2:	4480                	lw	s0,8(s1)
     ff4:	e399                	bnez	a5,ffa <_puts_r+0x24>
     ff6:	8526                	mv	a0,s1
     ff8:	2311                	jal	14fc <__sinit>
     ffa:	00002797          	auipc	a5,0x2
     ffe:	83a78793          	addi	a5,a5,-1990 # 2834 <__sf_fake_stdin>
    1002:	02f41b63          	bne	s0,a5,1038 <_puts_r+0x62>
    1006:	40c0                	lw	s0,4(s1)
    1008:	245e                	lhu	a5,12(s0)
    100a:	8ba1                	andi	a5,a5,8
    100c:	c7b1                	beqz	a5,1058 <_puts_r+0x82>
    100e:	481c                	lw	a5,16(s0)
    1010:	c7a1                	beqz	a5,1058 <_puts_r+0x82>
    1012:	59fd                	li	s3,-1
    1014:	4a29                	li	s4,10
    1016:	441c                	lw	a5,8(s0)
    1018:	00094583          	lbu	a1,0(s2)
    101c:	17fd                	addi	a5,a5,-1
    101e:	e9b1                	bnez	a1,1072 <_puts_r+0x9c>
    1020:	c41c                	sw	a5,8(s0)
    1022:	0607dd63          	bgez	a5,109c <_puts_r+0xc6>
    1026:	8622                	mv	a2,s0
    1028:	45a9                	li	a1,10
    102a:	8526                	mv	a0,s1
    102c:	20f9                	jal	10fa <__swbuf_r>
    102e:	57fd                	li	a5,-1
    1030:	02f50863          	beq	a0,a5,1060 <_puts_r+0x8a>
    1034:	4529                	li	a0,10
    1036:	a035                	j	1062 <_puts_r+0x8c>
    1038:	00002797          	auipc	a5,0x2
    103c:	81c78793          	addi	a5,a5,-2020 # 2854 <__sf_fake_stdout>
    1040:	00f41463          	bne	s0,a5,1048 <_puts_r+0x72>
    1044:	4480                	lw	s0,8(s1)
    1046:	b7c9                	j	1008 <_puts_r+0x32>
    1048:	00001797          	auipc	a5,0x1
    104c:	7cc78793          	addi	a5,a5,1996 # 2814 <__sf_fake_stderr>
    1050:	faf41ce3          	bne	s0,a5,1008 <_puts_r+0x32>
    1054:	44c0                	lw	s0,12(s1)
    1056:	bf4d                	j	1008 <_puts_r+0x32>
    1058:	85a2                	mv	a1,s0
    105a:	8526                	mv	a0,s1
    105c:	2aa9                	jal	11b6 <__swsetup_r>
    105e:	d955                	beqz	a0,1012 <_puts_r+0x3c>
    1060:	557d                	li	a0,-1
    1062:	40f2                	lw	ra,28(sp)
    1064:	4462                	lw	s0,24(sp)
    1066:	44d2                	lw	s1,20(sp)
    1068:	4942                	lw	s2,16(sp)
    106a:	49b2                	lw	s3,12(sp)
    106c:	4a22                	lw	s4,8(sp)
    106e:	6105                	addi	sp,sp,32
    1070:	8082                	ret
    1072:	c41c                	sw	a5,8(s0)
    1074:	0905                	addi	s2,s2,1
    1076:	0007d763          	bgez	a5,1084 <_puts_r+0xae>
    107a:	4c18                	lw	a4,24(s0)
    107c:	00e7ca63          	blt	a5,a4,1090 <_puts_r+0xba>
    1080:	01458863          	beq	a1,s4,1090 <_puts_r+0xba>
    1084:	401c                	lw	a5,0(s0)
    1086:	00178713          	addi	a4,a5,1
    108a:	c018                	sw	a4,0(s0)
    108c:	a38c                	sb	a1,0(a5)
    108e:	b761                	j	1016 <_puts_r+0x40>
    1090:	8622                	mv	a2,s0
    1092:	8526                	mv	a0,s1
    1094:	209d                	jal	10fa <__swbuf_r>
    1096:	f93510e3          	bne	a0,s3,1016 <_puts_r+0x40>
    109a:	b7d9                	j	1060 <_puts_r+0x8a>
    109c:	401c                	lw	a5,0(s0)
    109e:	00178713          	addi	a4,a5,1
    10a2:	c018                	sw	a4,0(s0)
    10a4:	4729                	li	a4,10
    10a6:	a398                	sb	a4,0(a5)
    10a8:	b771                	j	1034 <_puts_r+0x5e>

000010aa <puts>:
    10aa:	80c18793          	addi	a5,gp,-2036 # 2000008c <_impure_ptr>
    10ae:	85aa                	mv	a1,a0
    10b0:	4388                	lw	a0,0(a5)
    10b2:	b715                	j	fd6 <_puts_r>

000010b4 <siprintf>:
    10b4:	7135                	addi	sp,sp,-160
    10b6:	cb3e                	sw	a5,148(sp)
    10b8:	800007b7          	lui	a5,0x80000
    10bc:	fff7c793          	not	a5,a5
    10c0:	ce3e                	sw	a5,28(sp)
    10c2:	c83e                	sw	a5,16(sp)
    10c4:	77c1                	lui	a5,0xffff0
    10c6:	20878793          	addi	a5,a5,520 # ffff0208 <_eusrstack+0xdffeb208>
    10ca:	c532                	sw	a2,136(sp)
    10cc:	c736                	sw	a3,140(sp)
    10ce:	c93a                	sw	a4,144(sp)
    10d0:	cd42                	sw	a6,152(sp)
    10d2:	cf46                	sw	a7,156(sp)
    10d4:	ca3e                	sw	a5,20(sp)
    10d6:	80c18793          	addi	a5,gp,-2036 # 2000008c <_impure_ptr>
    10da:	c42a                	sw	a0,8(sp)
    10dc:	cc2a                	sw	a0,24(sp)
    10de:	4388                	lw	a0,0(a5)
    10e0:	0134                	addi	a3,sp,136
    10e2:	862e                	mv	a2,a1
    10e4:	002c                	addi	a1,sp,8
    10e6:	de86                	sw	ra,124(sp)
    10e8:	c236                	sw	a3,4(sp)
    10ea:	0c9000ef          	jal	ra,19b2 <_svfiprintf_r>
    10ee:	47a2                	lw	a5,8(sp)
    10f0:	00078023          	sb	zero,0(a5)
    10f4:	50f6                	lw	ra,124(sp)
    10f6:	610d                	addi	sp,sp,160
    10f8:	8082                	ret

000010fa <__swbuf_r>:
    10fa:	1101                	addi	sp,sp,-32
    10fc:	cc22                	sw	s0,24(sp)
    10fe:	ca26                	sw	s1,20(sp)
    1100:	c84a                	sw	s2,16(sp)
    1102:	ce06                	sw	ra,28(sp)
    1104:	c64e                	sw	s3,12(sp)
    1106:	84aa                	mv	s1,a0
    1108:	892e                	mv	s2,a1
    110a:	8432                	mv	s0,a2
    110c:	c501                	beqz	a0,1114 <__swbuf_r+0x1a>
    110e:	4d1c                	lw	a5,24(a0)
    1110:	e391                	bnez	a5,1114 <__swbuf_r+0x1a>
    1112:	26ed                	jal	14fc <__sinit>
    1114:	00001797          	auipc	a5,0x1
    1118:	72078793          	addi	a5,a5,1824 # 2834 <__sf_fake_stdin>
    111c:	06f41763          	bne	s0,a5,118a <__swbuf_r+0x90>
    1120:	40c0                	lw	s0,4(s1)
    1122:	4c1c                	lw	a5,24(s0)
    1124:	c41c                	sw	a5,8(s0)
    1126:	245e                	lhu	a5,12(s0)
    1128:	8ba1                	andi	a5,a5,8
    112a:	c3c1                	beqz	a5,11aa <__swbuf_r+0xb0>
    112c:	481c                	lw	a5,16(s0)
    112e:	cfb5                	beqz	a5,11aa <__swbuf_r+0xb0>
    1130:	481c                	lw	a5,16(s0)
    1132:	4008                	lw	a0,0(s0)
    1134:	0ff97993          	andi	s3,s2,255
    1138:	0ff97913          	andi	s2,s2,255
    113c:	8d1d                	sub	a0,a0,a5
    113e:	485c                	lw	a5,20(s0)
    1140:	00f54663          	blt	a0,a5,114c <__swbuf_r+0x52>
    1144:	85a2                	mv	a1,s0
    1146:	8526                	mv	a0,s1
    1148:	2c69                	jal	13e2 <_fflush_r>
    114a:	e525                	bnez	a0,11b2 <__swbuf_r+0xb8>
    114c:	441c                	lw	a5,8(s0)
    114e:	0505                	addi	a0,a0,1
    1150:	17fd                	addi	a5,a5,-1
    1152:	c41c                	sw	a5,8(s0)
    1154:	401c                	lw	a5,0(s0)
    1156:	00178713          	addi	a4,a5,1
    115a:	c018                	sw	a4,0(s0)
    115c:	01378023          	sb	s3,0(a5)
    1160:	485c                	lw	a5,20(s0)
    1162:	00a78863          	beq	a5,a0,1172 <__swbuf_r+0x78>
    1166:	245e                	lhu	a5,12(s0)
    1168:	8b85                	andi	a5,a5,1
    116a:	cb81                	beqz	a5,117a <__swbuf_r+0x80>
    116c:	47a9                	li	a5,10
    116e:	00f91663          	bne	s2,a5,117a <__swbuf_r+0x80>
    1172:	85a2                	mv	a1,s0
    1174:	8526                	mv	a0,s1
    1176:	24b5                	jal	13e2 <_fflush_r>
    1178:	ed0d                	bnez	a0,11b2 <__swbuf_r+0xb8>
    117a:	40f2                	lw	ra,28(sp)
    117c:	4462                	lw	s0,24(sp)
    117e:	854a                	mv	a0,s2
    1180:	44d2                	lw	s1,20(sp)
    1182:	4942                	lw	s2,16(sp)
    1184:	49b2                	lw	s3,12(sp)
    1186:	6105                	addi	sp,sp,32
    1188:	8082                	ret
    118a:	00001797          	auipc	a5,0x1
    118e:	6ca78793          	addi	a5,a5,1738 # 2854 <__sf_fake_stdout>
    1192:	00f41463          	bne	s0,a5,119a <__swbuf_r+0xa0>
    1196:	4480                	lw	s0,8(s1)
    1198:	b769                	j	1122 <__swbuf_r+0x28>
    119a:	00001797          	auipc	a5,0x1
    119e:	67a78793          	addi	a5,a5,1658 # 2814 <__sf_fake_stderr>
    11a2:	f8f410e3          	bne	s0,a5,1122 <__swbuf_r+0x28>
    11a6:	44c0                	lw	s0,12(s1)
    11a8:	bfad                	j	1122 <__swbuf_r+0x28>
    11aa:	85a2                	mv	a1,s0
    11ac:	8526                	mv	a0,s1
    11ae:	2021                	jal	11b6 <__swsetup_r>
    11b0:	d141                	beqz	a0,1130 <__swbuf_r+0x36>
    11b2:	597d                	li	s2,-1
    11b4:	b7d9                	j	117a <__swbuf_r+0x80>

000011b6 <__swsetup_r>:
    11b6:	1141                	addi	sp,sp,-16
    11b8:	80c18793          	addi	a5,gp,-2036 # 2000008c <_impure_ptr>
    11bc:	c226                	sw	s1,4(sp)
    11be:	4384                	lw	s1,0(a5)
    11c0:	c422                	sw	s0,8(sp)
    11c2:	c04a                	sw	s2,0(sp)
    11c4:	c606                	sw	ra,12(sp)
    11c6:	892a                	mv	s2,a0
    11c8:	842e                	mv	s0,a1
    11ca:	c489                	beqz	s1,11d4 <__swsetup_r+0x1e>
    11cc:	4c9c                	lw	a5,24(s1)
    11ce:	e399                	bnez	a5,11d4 <__swsetup_r+0x1e>
    11d0:	8526                	mv	a0,s1
    11d2:	262d                	jal	14fc <__sinit>
    11d4:	00001797          	auipc	a5,0x1
    11d8:	66078793          	addi	a5,a5,1632 # 2834 <__sf_fake_stdin>
    11dc:	02f41b63          	bne	s0,a5,1212 <__swsetup_r+0x5c>
    11e0:	40c0                	lw	s0,4(s1)
    11e2:	00c41703          	lh	a4,12(s0)
    11e6:	01071793          	slli	a5,a4,0x10
    11ea:	83c1                	srli	a5,a5,0x10
    11ec:	0087f693          	andi	a3,a5,8
    11f0:	eaad                	bnez	a3,1262 <__swsetup_r+0xac>
    11f2:	0107f693          	andi	a3,a5,16
    11f6:	ee95                	bnez	a3,1232 <__swsetup_r+0x7c>
    11f8:	47a5                	li	a5,9
    11fa:	00f92023          	sw	a5,0(s2)
    11fe:	04076713          	ori	a4,a4,64
    1202:	a45a                	sh	a4,12(s0)
    1204:	557d                	li	a0,-1
    1206:	40b2                	lw	ra,12(sp)
    1208:	4422                	lw	s0,8(sp)
    120a:	4492                	lw	s1,4(sp)
    120c:	4902                	lw	s2,0(sp)
    120e:	0141                	addi	sp,sp,16
    1210:	8082                	ret
    1212:	00001797          	auipc	a5,0x1
    1216:	64278793          	addi	a5,a5,1602 # 2854 <__sf_fake_stdout>
    121a:	00f41463          	bne	s0,a5,1222 <__swsetup_r+0x6c>
    121e:	4480                	lw	s0,8(s1)
    1220:	b7c9                	j	11e2 <__swsetup_r+0x2c>
    1222:	00001797          	auipc	a5,0x1
    1226:	5f278793          	addi	a5,a5,1522 # 2814 <__sf_fake_stderr>
    122a:	faf41ce3          	bne	s0,a5,11e2 <__swsetup_r+0x2c>
    122e:	44c0                	lw	s0,12(s1)
    1230:	bf4d                	j	11e2 <__swsetup_r+0x2c>
    1232:	8b91                	andi	a5,a5,4
    1234:	c39d                	beqz	a5,125a <__swsetup_r+0xa4>
    1236:	584c                	lw	a1,52(s0)
    1238:	c989                	beqz	a1,124a <__swsetup_r+0x94>
    123a:	04440793          	addi	a5,s0,68
    123e:	00f58463          	beq	a1,a5,1246 <__swsetup_r+0x90>
    1242:	854a                	mv	a0,s2
    1244:	2331                	jal	1750 <_free_r>
    1246:	02042a23          	sw	zero,52(s0)
    124a:	245e                	lhu	a5,12(s0)
    124c:	00042223          	sw	zero,4(s0)
    1250:	fdb7f793          	andi	a5,a5,-37
    1254:	a45e                	sh	a5,12(s0)
    1256:	481c                	lw	a5,16(s0)
    1258:	c01c                	sw	a5,0(s0)
    125a:	245e                	lhu	a5,12(s0)
    125c:	0087e793          	ori	a5,a5,8
    1260:	a45e                	sh	a5,12(s0)
    1262:	481c                	lw	a5,16(s0)
    1264:	eb99                	bnez	a5,127a <__swsetup_r+0xc4>
    1266:	245e                	lhu	a5,12(s0)
    1268:	20000713          	li	a4,512
    126c:	2807f793          	andi	a5,a5,640
    1270:	00e78563          	beq	a5,a4,127a <__swsetup_r+0xc4>
    1274:	85a2                	mv	a1,s0
    1276:	854a                	mv	a0,s2
    1278:	21a1                	jal	16c0 <__smakebuf_r>
    127a:	245e                	lhu	a5,12(s0)
    127c:	0017f713          	andi	a4,a5,1
    1280:	c31d                	beqz	a4,12a6 <__swsetup_r+0xf0>
    1282:	485c                	lw	a5,20(s0)
    1284:	00042423          	sw	zero,8(s0)
    1288:	40f007b3          	neg	a5,a5
    128c:	cc1c                	sw	a5,24(s0)
    128e:	481c                	lw	a5,16(s0)
    1290:	4501                	li	a0,0
    1292:	fbb5                	bnez	a5,1206 <__swsetup_r+0x50>
    1294:	00c41783          	lh	a5,12(s0)
    1298:	0807f713          	andi	a4,a5,128
    129c:	d72d                	beqz	a4,1206 <__swsetup_r+0x50>
    129e:	0407e793          	ori	a5,a5,64
    12a2:	a45e                	sh	a5,12(s0)
    12a4:	b785                	j	1204 <__swsetup_r+0x4e>
    12a6:	8b89                	andi	a5,a5,2
    12a8:	4701                	li	a4,0
    12aa:	e391                	bnez	a5,12ae <__swsetup_r+0xf8>
    12ac:	4858                	lw	a4,20(s0)
    12ae:	c418                	sw	a4,8(s0)
    12b0:	bff9                	j	128e <__swsetup_r+0xd8>

000012b2 <__sflush_r>:
    12b2:	25de                	lhu	a5,12(a1)
    12b4:	1101                	addi	sp,sp,-32
    12b6:	cc22                	sw	s0,24(sp)
    12b8:	ca26                	sw	s1,20(sp)
    12ba:	ce06                	sw	ra,28(sp)
    12bc:	c84a                	sw	s2,16(sp)
    12be:	c64e                	sw	s3,12(sp)
    12c0:	0087f713          	andi	a4,a5,8
    12c4:	84aa                	mv	s1,a0
    12c6:	842e                	mv	s0,a1
    12c8:	eb79                	bnez	a4,139e <__sflush_r+0xec>
    12ca:	41d8                	lw	a4,4(a1)
    12cc:	00e04d63          	bgtz	a4,12e6 <__sflush_r+0x34>
    12d0:	41b8                	lw	a4,64(a1)
    12d2:	00e04a63          	bgtz	a4,12e6 <__sflush_r+0x34>
    12d6:	4501                	li	a0,0
    12d8:	40f2                	lw	ra,28(sp)
    12da:	4462                	lw	s0,24(sp)
    12dc:	44d2                	lw	s1,20(sp)
    12de:	4942                	lw	s2,16(sp)
    12e0:	49b2                	lw	s3,12(sp)
    12e2:	6105                	addi	sp,sp,32
    12e4:	8082                	ret
    12e6:	5458                	lw	a4,44(s0)
    12e8:	d77d                	beqz	a4,12d6 <__sflush_r+0x24>
    12ea:	0004a903          	lw	s2,0(s1)
    12ee:	01379693          	slli	a3,a5,0x13
    12f2:	0004a023          	sw	zero,0(s1)
    12f6:	0606db63          	bgez	a3,136c <__sflush_r+0xba>
    12fa:	4870                	lw	a2,84(s0)
    12fc:	245e                	lhu	a5,12(s0)
    12fe:	8b91                	andi	a5,a5,4
    1300:	c799                	beqz	a5,130e <__sflush_r+0x5c>
    1302:	405c                	lw	a5,4(s0)
    1304:	8e1d                	sub	a2,a2,a5
    1306:	585c                	lw	a5,52(s0)
    1308:	c399                	beqz	a5,130e <__sflush_r+0x5c>
    130a:	403c                	lw	a5,64(s0)
    130c:	8e1d                	sub	a2,a2,a5
    130e:	545c                	lw	a5,44(s0)
    1310:	500c                	lw	a1,32(s0)
    1312:	4681                	li	a3,0
    1314:	8526                	mv	a0,s1
    1316:	9782                	jalr	a5
    1318:	57fd                	li	a5,-1
    131a:	245a                	lhu	a4,12(s0)
    131c:	00f51d63          	bne	a0,a5,1336 <__sflush_r+0x84>
    1320:	4094                	lw	a3,0(s1)
    1322:	47f5                	li	a5,29
    1324:	06d7e863          	bltu	a5,a3,1394 <__sflush_r+0xe2>
    1328:	204007b7          	lui	a5,0x20400
    132c:	0785                	addi	a5,a5,1
    132e:	00d7d7b3          	srl	a5,a5,a3
    1332:	8b85                	andi	a5,a5,1
    1334:	c3a5                	beqz	a5,1394 <__sflush_r+0xe2>
    1336:	481c                	lw	a5,16(s0)
    1338:	00042223          	sw	zero,4(s0)
    133c:	c01c                	sw	a5,0(s0)
    133e:	01371793          	slli	a5,a4,0x13
    1342:	0007d863          	bgez	a5,1352 <__sflush_r+0xa0>
    1346:	57fd                	li	a5,-1
    1348:	00f51463          	bne	a0,a5,1350 <__sflush_r+0x9e>
    134c:	409c                	lw	a5,0(s1)
    134e:	e391                	bnez	a5,1352 <__sflush_r+0xa0>
    1350:	c868                	sw	a0,84(s0)
    1352:	584c                	lw	a1,52(s0)
    1354:	0124a023          	sw	s2,0(s1)
    1358:	ddbd                	beqz	a1,12d6 <__sflush_r+0x24>
    135a:	04440793          	addi	a5,s0,68
    135e:	00f58463          	beq	a1,a5,1366 <__sflush_r+0xb4>
    1362:	8526                	mv	a0,s1
    1364:	26f5                	jal	1750 <_free_r>
    1366:	02042a23          	sw	zero,52(s0)
    136a:	b7b5                	j	12d6 <__sflush_r+0x24>
    136c:	500c                	lw	a1,32(s0)
    136e:	4601                	li	a2,0
    1370:	4685                	li	a3,1
    1372:	8526                	mv	a0,s1
    1374:	9702                	jalr	a4
    1376:	57fd                	li	a5,-1
    1378:	862a                	mv	a2,a0
    137a:	f8f511e3          	bne	a0,a5,12fc <__sflush_r+0x4a>
    137e:	409c                	lw	a5,0(s1)
    1380:	dfb5                	beqz	a5,12fc <__sflush_r+0x4a>
    1382:	4775                	li	a4,29
    1384:	00e78563          	beq	a5,a4,138e <__sflush_r+0xdc>
    1388:	4759                	li	a4,22
    138a:	04e79363          	bne	a5,a4,13d0 <__sflush_r+0x11e>
    138e:	0124a023          	sw	s2,0(s1)
    1392:	b791                	j	12d6 <__sflush_r+0x24>
    1394:	04076713          	ori	a4,a4,64
    1398:	a45a                	sh	a4,12(s0)
    139a:	557d                	li	a0,-1
    139c:	bf35                	j	12d8 <__sflush_r+0x26>
    139e:	0105a983          	lw	s3,16(a1)
    13a2:	f2098ae3          	beqz	s3,12d6 <__sflush_r+0x24>
    13a6:	0005a903          	lw	s2,0(a1)
    13aa:	8b8d                	andi	a5,a5,3
    13ac:	0135a023          	sw	s3,0(a1)
    13b0:	41390933          	sub	s2,s2,s3
    13b4:	4701                	li	a4,0
    13b6:	e391                	bnez	a5,13ba <__sflush_r+0x108>
    13b8:	49d8                	lw	a4,20(a1)
    13ba:	c418                	sw	a4,8(s0)
    13bc:	f1205de3          	blez	s2,12d6 <__sflush_r+0x24>
    13c0:	541c                	lw	a5,40(s0)
    13c2:	500c                	lw	a1,32(s0)
    13c4:	86ca                	mv	a3,s2
    13c6:	864e                	mv	a2,s3
    13c8:	8526                	mv	a0,s1
    13ca:	9782                	jalr	a5
    13cc:	00a04763          	bgtz	a0,13da <__sflush_r+0x128>
    13d0:	245e                	lhu	a5,12(s0)
    13d2:	0407e793          	ori	a5,a5,64
    13d6:	a45e                	sh	a5,12(s0)
    13d8:	b7c9                	j	139a <__sflush_r+0xe8>
    13da:	99aa                	add	s3,s3,a0
    13dc:	40a90933          	sub	s2,s2,a0
    13e0:	bff1                	j	13bc <__sflush_r+0x10a>

000013e2 <_fflush_r>:
    13e2:	499c                	lw	a5,16(a1)
    13e4:	cfb9                	beqz	a5,1442 <_fflush_r+0x60>
    13e6:	1101                	addi	sp,sp,-32
    13e8:	cc22                	sw	s0,24(sp)
    13ea:	ce06                	sw	ra,28(sp)
    13ec:	842a                	mv	s0,a0
    13ee:	c511                	beqz	a0,13fa <_fflush_r+0x18>
    13f0:	4d1c                	lw	a5,24(a0)
    13f2:	e781                	bnez	a5,13fa <_fflush_r+0x18>
    13f4:	c62e                	sw	a1,12(sp)
    13f6:	2219                	jal	14fc <__sinit>
    13f8:	45b2                	lw	a1,12(sp)
    13fa:	00001797          	auipc	a5,0x1
    13fe:	43a78793          	addi	a5,a5,1082 # 2834 <__sf_fake_stdin>
    1402:	00f59b63          	bne	a1,a5,1418 <_fflush_r+0x36>
    1406:	404c                	lw	a1,4(s0)
    1408:	00c59783          	lh	a5,12(a1)
    140c:	c795                	beqz	a5,1438 <_fflush_r+0x56>
    140e:	8522                	mv	a0,s0
    1410:	4462                	lw	s0,24(sp)
    1412:	40f2                	lw	ra,28(sp)
    1414:	6105                	addi	sp,sp,32
    1416:	bd71                	j	12b2 <__sflush_r>
    1418:	00001797          	auipc	a5,0x1
    141c:	43c78793          	addi	a5,a5,1084 # 2854 <__sf_fake_stdout>
    1420:	00f59463          	bne	a1,a5,1428 <_fflush_r+0x46>
    1424:	440c                	lw	a1,8(s0)
    1426:	b7cd                	j	1408 <_fflush_r+0x26>
    1428:	00001797          	auipc	a5,0x1
    142c:	3ec78793          	addi	a5,a5,1004 # 2814 <__sf_fake_stderr>
    1430:	fcf59ce3          	bne	a1,a5,1408 <_fflush_r+0x26>
    1434:	444c                	lw	a1,12(s0)
    1436:	bfc9                	j	1408 <_fflush_r+0x26>
    1438:	40f2                	lw	ra,28(sp)
    143a:	4462                	lw	s0,24(sp)
    143c:	4501                	li	a0,0
    143e:	6105                	addi	sp,sp,32
    1440:	8082                	ret
    1442:	4501                	li	a0,0
    1444:	8082                	ret

00001446 <std>:
    1446:	1141                	addi	sp,sp,-16
    1448:	c422                	sw	s0,8(sp)
    144a:	c606                	sw	ra,12(sp)
    144c:	842a                	mv	s0,a0
    144e:	a54e                	sh	a1,12(a0)
    1450:	a572                	sh	a2,14(a0)
    1452:	00052023          	sw	zero,0(a0)
    1456:	00052223          	sw	zero,4(a0)
    145a:	00052423          	sw	zero,8(a0)
    145e:	06052223          	sw	zero,100(a0)
    1462:	00052823          	sw	zero,16(a0)
    1466:	00052a23          	sw	zero,20(a0)
    146a:	00052c23          	sw	zero,24(a0)
    146e:	4621                	li	a2,8
    1470:	4581                	li	a1,0
    1472:	05c50513          	addi	a0,a0,92
    1476:	cebfe0ef          	jal	ra,160 <memset>
    147a:	00001797          	auipc	a5,0x1
    147e:	e6278793          	addi	a5,a5,-414 # 22dc <__sread>
    1482:	d05c                	sw	a5,36(s0)
    1484:	00001797          	auipc	a5,0x1
    1488:	e8478793          	addi	a5,a5,-380 # 2308 <__swrite>
    148c:	d41c                	sw	a5,40(s0)
    148e:	00001797          	auipc	a5,0x1
    1492:	ec278793          	addi	a5,a5,-318 # 2350 <__sseek>
    1496:	d45c                	sw	a5,44(s0)
    1498:	00001797          	auipc	a5,0x1
    149c:	ee878793          	addi	a5,a5,-280 # 2380 <__sclose>
    14a0:	d000                	sw	s0,32(s0)
    14a2:	d81c                	sw	a5,48(s0)
    14a4:	40b2                	lw	ra,12(sp)
    14a6:	4422                	lw	s0,8(sp)
    14a8:	0141                	addi	sp,sp,16
    14aa:	8082                	ret

000014ac <_cleanup_r>:
    14ac:	00000597          	auipc	a1,0x0
    14b0:	f3658593          	addi	a1,a1,-202 # 13e2 <_fflush_r>
    14b4:	a2a9                	j	15fe <_fwalk_reent>

000014b6 <__sfmoreglue>:
    14b6:	1141                	addi	sp,sp,-16
    14b8:	c226                	sw	s1,4(sp)
    14ba:	06800613          	li	a2,104
    14be:	fff58493          	addi	s1,a1,-1
    14c2:	02c484b3          	mul	s1,s1,a2
    14c6:	c04a                	sw	s2,0(sp)
    14c8:	892e                	mv	s2,a1
    14ca:	c422                	sw	s0,8(sp)
    14cc:	c606                	sw	ra,12(sp)
    14ce:	07448593          	addi	a1,s1,116
    14d2:	261d                	jal	17f8 <_malloc_r>
    14d4:	842a                	mv	s0,a0
    14d6:	cd01                	beqz	a0,14ee <__sfmoreglue+0x38>
    14d8:	00052023          	sw	zero,0(a0)
    14dc:	01252223          	sw	s2,4(a0)
    14e0:	0531                	addi	a0,a0,12
    14e2:	c408                	sw	a0,8(s0)
    14e4:	06848613          	addi	a2,s1,104
    14e8:	4581                	li	a1,0
    14ea:	c77fe0ef          	jal	ra,160 <memset>
    14ee:	8522                	mv	a0,s0
    14f0:	40b2                	lw	ra,12(sp)
    14f2:	4422                	lw	s0,8(sp)
    14f4:	4492                	lw	s1,4(sp)
    14f6:	4902                	lw	s2,0(sp)
    14f8:	0141                	addi	sp,sp,16
    14fa:	8082                	ret

000014fc <__sinit>:
    14fc:	4d1c                	lw	a5,24(a0)
    14fe:	e3ad                	bnez	a5,1560 <__sinit+0x64>
    1500:	1141                	addi	sp,sp,-16
    1502:	c606                	sw	ra,12(sp)
    1504:	c422                	sw	s0,8(sp)
    1506:	00000797          	auipc	a5,0x0
    150a:	fa678793          	addi	a5,a5,-90 # 14ac <_cleanup_r>
    150e:	d51c                	sw	a5,40(a0)
    1510:	81018793          	addi	a5,gp,-2032 # 20000090 <_global_impure_ptr>
    1514:	439c                	lw	a5,0(a5)
    1516:	04052423          	sw	zero,72(a0)
    151a:	04052623          	sw	zero,76(a0)
    151e:	04052823          	sw	zero,80(a0)
    1522:	00f51463          	bne	a0,a5,152a <__sinit+0x2e>
    1526:	4785                	li	a5,1
    1528:	cd1c                	sw	a5,24(a0)
    152a:	842a                	mv	s0,a0
    152c:	281d                	jal	1562 <__sfp>
    152e:	c048                	sw	a0,4(s0)
    1530:	8522                	mv	a0,s0
    1532:	2805                	jal	1562 <__sfp>
    1534:	c408                	sw	a0,8(s0)
    1536:	8522                	mv	a0,s0
    1538:	202d                	jal	1562 <__sfp>
    153a:	c448                	sw	a0,12(s0)
    153c:	4048                	lw	a0,4(s0)
    153e:	4601                	li	a2,0
    1540:	4591                	li	a1,4
    1542:	3711                	jal	1446 <std>
    1544:	4408                	lw	a0,8(s0)
    1546:	4605                	li	a2,1
    1548:	45a5                	li	a1,9
    154a:	3df5                	jal	1446 <std>
    154c:	4448                	lw	a0,12(s0)
    154e:	4609                	li	a2,2
    1550:	45c9                	li	a1,18
    1552:	3dd5                	jal	1446 <std>
    1554:	4785                	li	a5,1
    1556:	cc1c                	sw	a5,24(s0)
    1558:	40b2                	lw	ra,12(sp)
    155a:	4422                	lw	s0,8(sp)
    155c:	0141                	addi	sp,sp,16
    155e:	8082                	ret
    1560:	8082                	ret

00001562 <__sfp>:
    1562:	1141                	addi	sp,sp,-16
    1564:	81018793          	addi	a5,gp,-2032 # 20000090 <_global_impure_ptr>
    1568:	c226                	sw	s1,4(sp)
    156a:	4384                	lw	s1,0(a5)
    156c:	c04a                	sw	s2,0(sp)
    156e:	c606                	sw	ra,12(sp)
    1570:	4c9c                	lw	a5,24(s1)
    1572:	c422                	sw	s0,8(sp)
    1574:	892a                	mv	s2,a0
    1576:	e399                	bnez	a5,157c <__sfp+0x1a>
    1578:	8526                	mv	a0,s1
    157a:	3749                	jal	14fc <__sinit>
    157c:	04848493          	addi	s1,s1,72
    1580:	4480                	lw	s0,8(s1)
    1582:	40dc                	lw	a5,4(s1)
    1584:	17fd                	addi	a5,a5,-1
    1586:	0007d663          	bgez	a5,1592 <__sfp+0x30>
    158a:	409c                	lw	a5,0(s1)
    158c:	cfb9                	beqz	a5,15ea <__sfp+0x88>
    158e:	4084                	lw	s1,0(s1)
    1590:	bfc5                	j	1580 <__sfp+0x1e>
    1592:	00c41703          	lh	a4,12(s0)
    1596:	e739                	bnez	a4,15e4 <__sfp+0x82>
    1598:	77c1                	lui	a5,0xffff0
    159a:	0785                	addi	a5,a5,1
    159c:	06042223          	sw	zero,100(s0)
    15a0:	00042023          	sw	zero,0(s0)
    15a4:	00042223          	sw	zero,4(s0)
    15a8:	00042423          	sw	zero,8(s0)
    15ac:	c45c                	sw	a5,12(s0)
    15ae:	00042823          	sw	zero,16(s0)
    15b2:	00042a23          	sw	zero,20(s0)
    15b6:	00042c23          	sw	zero,24(s0)
    15ba:	4621                	li	a2,8
    15bc:	4581                	li	a1,0
    15be:	05c40513          	addi	a0,s0,92
    15c2:	b9ffe0ef          	jal	ra,160 <memset>
    15c6:	02042a23          	sw	zero,52(s0)
    15ca:	02042c23          	sw	zero,56(s0)
    15ce:	04042423          	sw	zero,72(s0)
    15d2:	04042623          	sw	zero,76(s0)
    15d6:	8522                	mv	a0,s0
    15d8:	40b2                	lw	ra,12(sp)
    15da:	4422                	lw	s0,8(sp)
    15dc:	4492                	lw	s1,4(sp)
    15de:	4902                	lw	s2,0(sp)
    15e0:	0141                	addi	sp,sp,16
    15e2:	8082                	ret
    15e4:	06840413          	addi	s0,s0,104
    15e8:	bf71                	j	1584 <__sfp+0x22>
    15ea:	4591                	li	a1,4
    15ec:	854a                	mv	a0,s2
    15ee:	35e1                	jal	14b6 <__sfmoreglue>
    15f0:	c088                	sw	a0,0(s1)
    15f2:	fd51                	bnez	a0,158e <__sfp+0x2c>
    15f4:	47b1                	li	a5,12
    15f6:	00f92023          	sw	a5,0(s2)
    15fa:	4401                	li	s0,0
    15fc:	bfe9                	j	15d6 <__sfp+0x74>

000015fe <_fwalk_reent>:
    15fe:	7179                	addi	sp,sp,-48
    1600:	d422                	sw	s0,40(sp)
    1602:	d04a                	sw	s2,32(sp)
    1604:	cc52                	sw	s4,24(sp)
    1606:	ca56                	sw	s5,20(sp)
    1608:	c85a                	sw	s6,16(sp)
    160a:	c65e                	sw	s7,12(sp)
    160c:	d606                	sw	ra,44(sp)
    160e:	d226                	sw	s1,36(sp)
    1610:	ce4e                	sw	s3,28(sp)
    1612:	8a2a                	mv	s4,a0
    1614:	8aae                	mv	s5,a1
    1616:	04850413          	addi	s0,a0,72
    161a:	4901                	li	s2,0
    161c:	4b05                	li	s6,1
    161e:	5bfd                	li	s7,-1
    1620:	ec09                	bnez	s0,163a <_fwalk_reent+0x3c>
    1622:	50b2                	lw	ra,44(sp)
    1624:	5422                	lw	s0,40(sp)
    1626:	854a                	mv	a0,s2
    1628:	5492                	lw	s1,36(sp)
    162a:	5902                	lw	s2,32(sp)
    162c:	49f2                	lw	s3,28(sp)
    162e:	4a62                	lw	s4,24(sp)
    1630:	4ad2                	lw	s5,20(sp)
    1632:	4b42                	lw	s6,16(sp)
    1634:	4bb2                	lw	s7,12(sp)
    1636:	6145                	addi	sp,sp,48
    1638:	8082                	ret
    163a:	4404                	lw	s1,8(s0)
    163c:	00442983          	lw	s3,4(s0)
    1640:	19fd                	addi	s3,s3,-1
    1642:	0009d463          	bgez	s3,164a <_fwalk_reent+0x4c>
    1646:	4000                	lw	s0,0(s0)
    1648:	bfe1                	j	1620 <_fwalk_reent+0x22>
    164a:	24de                	lhu	a5,12(s1)
    164c:	00fb7b63          	bgeu	s6,a5,1662 <_fwalk_reent+0x64>
    1650:	00e49783          	lh	a5,14(s1)
    1654:	01778763          	beq	a5,s7,1662 <_fwalk_reent+0x64>
    1658:	85a6                	mv	a1,s1
    165a:	8552                	mv	a0,s4
    165c:	9a82                	jalr	s5
    165e:	00a96933          	or	s2,s2,a0
    1662:	06848493          	addi	s1,s1,104
    1666:	bfe9                	j	1640 <_fwalk_reent+0x42>

00001668 <__swhatbuf_r>:
    1668:	7119                	addi	sp,sp,-128
    166a:	daa6                	sw	s1,116(sp)
    166c:	84ae                	mv	s1,a1
    166e:	00e59583          	lh	a1,14(a1)
    1672:	dca2                	sw	s0,120(sp)
    1674:	de86                	sw	ra,124(sp)
    1676:	8432                	mv	s0,a2
    1678:	0005db63          	bgez	a1,168e <__swhatbuf_r+0x26>
    167c:	24de                	lhu	a5,12(s1)
    167e:	0006a023          	sw	zero,0(a3)
    1682:	0807f793          	andi	a5,a5,128
    1686:	e785                	bnez	a5,16ae <__swhatbuf_r+0x46>
    1688:	40000793          	li	a5,1024
    168c:	a01d                	j	16b2 <__swhatbuf_r+0x4a>
    168e:	0830                	addi	a2,sp,24
    1690:	c636                	sw	a3,12(sp)
    1692:	54b000ef          	jal	ra,23dc <_fstat_r>
    1696:	46b2                	lw	a3,12(sp)
    1698:	fe0542e3          	bltz	a0,167c <__swhatbuf_r+0x14>
    169c:	4772                	lw	a4,28(sp)
    169e:	67bd                	lui	a5,0xf
    16a0:	8ff9                	and	a5,a5,a4
    16a2:	7779                	lui	a4,0xffffe
    16a4:	97ba                	add	a5,a5,a4
    16a6:	0017b793          	seqz	a5,a5
    16aa:	c29c                	sw	a5,0(a3)
    16ac:	bff1                	j	1688 <__swhatbuf_r+0x20>
    16ae:	04000793          	li	a5,64
    16b2:	c01c                	sw	a5,0(s0)
    16b4:	50f6                	lw	ra,124(sp)
    16b6:	5466                	lw	s0,120(sp)
    16b8:	54d6                	lw	s1,116(sp)
    16ba:	4501                	li	a0,0
    16bc:	6109                	addi	sp,sp,128
    16be:	8082                	ret

000016c0 <__smakebuf_r>:
    16c0:	25de                	lhu	a5,12(a1)
    16c2:	1101                	addi	sp,sp,-32
    16c4:	cc22                	sw	s0,24(sp)
    16c6:	ce06                	sw	ra,28(sp)
    16c8:	ca26                	sw	s1,20(sp)
    16ca:	c84a                	sw	s2,16(sp)
    16cc:	8b89                	andi	a5,a5,2
    16ce:	842e                	mv	s0,a1
    16d0:	cf89                	beqz	a5,16ea <__smakebuf_r+0x2a>
    16d2:	04740793          	addi	a5,s0,71
    16d6:	c01c                	sw	a5,0(s0)
    16d8:	c81c                	sw	a5,16(s0)
    16da:	4785                	li	a5,1
    16dc:	c85c                	sw	a5,20(s0)
    16de:	40f2                	lw	ra,28(sp)
    16e0:	4462                	lw	s0,24(sp)
    16e2:	44d2                	lw	s1,20(sp)
    16e4:	4942                	lw	s2,16(sp)
    16e6:	6105                	addi	sp,sp,32
    16e8:	8082                	ret
    16ea:	0074                	addi	a3,sp,12
    16ec:	0030                	addi	a2,sp,8
    16ee:	84aa                	mv	s1,a0
    16f0:	3fa5                	jal	1668 <__swhatbuf_r>
    16f2:	45a2                	lw	a1,8(sp)
    16f4:	892a                	mv	s2,a0
    16f6:	8526                	mv	a0,s1
    16f8:	2201                	jal	17f8 <_malloc_r>
    16fa:	e919                	bnez	a0,1710 <__smakebuf_r+0x50>
    16fc:	00c41783          	lh	a5,12(s0)
    1700:	2007f713          	andi	a4,a5,512
    1704:	ff69                	bnez	a4,16de <__smakebuf_r+0x1e>
    1706:	9bf1                	andi	a5,a5,-4
    1708:	0027e793          	ori	a5,a5,2
    170c:	a45e                	sh	a5,12(s0)
    170e:	b7d1                	j	16d2 <__smakebuf_r+0x12>
    1710:	00000797          	auipc	a5,0x0
    1714:	d9c78793          	addi	a5,a5,-612 # 14ac <_cleanup_r>
    1718:	d49c                	sw	a5,40(s1)
    171a:	245e                	lhu	a5,12(s0)
    171c:	c008                	sw	a0,0(s0)
    171e:	c808                	sw	a0,16(s0)
    1720:	0807e793          	ori	a5,a5,128
    1724:	a45e                	sh	a5,12(s0)
    1726:	47a2                	lw	a5,8(sp)
    1728:	c85c                	sw	a5,20(s0)
    172a:	47b2                	lw	a5,12(sp)
    172c:	cf81                	beqz	a5,1744 <__smakebuf_r+0x84>
    172e:	00e41583          	lh	a1,14(s0)
    1732:	8526                	mv	a0,s1
    1734:	4d3000ef          	jal	ra,2406 <_isatty_r>
    1738:	c511                	beqz	a0,1744 <__smakebuf_r+0x84>
    173a:	245e                	lhu	a5,12(s0)
    173c:	9bf1                	andi	a5,a5,-4
    173e:	0017e793          	ori	a5,a5,1
    1742:	a45e                	sh	a5,12(s0)
    1744:	245e                	lhu	a5,12(s0)
    1746:	00f96933          	or	s2,s2,a5
    174a:	01241623          	sh	s2,12(s0)
    174e:	bf41                	j	16de <__smakebuf_r+0x1e>

00001750 <_free_r>:
    1750:	c1dd                	beqz	a1,17f6 <_free_r+0xa6>
    1752:	ffc5a783          	lw	a5,-4(a1)
    1756:	1141                	addi	sp,sp,-16
    1758:	c422                	sw	s0,8(sp)
    175a:	c606                	sw	ra,12(sp)
    175c:	c226                	sw	s1,4(sp)
    175e:	ffc58413          	addi	s0,a1,-4
    1762:	0007d363          	bgez	a5,1768 <_free_r+0x18>
    1766:	943e                	add	s0,s0,a5
    1768:	84aa                	mv	s1,a0
    176a:	601000ef          	jal	ra,256a <__malloc_lock>
    176e:	82018793          	addi	a5,gp,-2016 # 200000a0 <__malloc_free_list>
    1772:	439c                	lw	a5,0(a5)
    1774:	ef81                	bnez	a5,178c <_free_r+0x3c>
    1776:	00042223          	sw	zero,4(s0)
    177a:	8281a023          	sw	s0,-2016(gp) # 200000a0 <__malloc_free_list>
    177e:	4422                	lw	s0,8(sp)
    1780:	40b2                	lw	ra,12(sp)
    1782:	8526                	mv	a0,s1
    1784:	4492                	lw	s1,4(sp)
    1786:	0141                	addi	sp,sp,16
    1788:	5e50006f          	j	256c <__malloc_unlock>
    178c:	00f47e63          	bgeu	s0,a5,17a8 <_free_r+0x58>
    1790:	4014                	lw	a3,0(s0)
    1792:	00d40733          	add	a4,s0,a3
    1796:	00e79663          	bne	a5,a4,17a2 <_free_r+0x52>
    179a:	4398                	lw	a4,0(a5)
    179c:	43dc                	lw	a5,4(a5)
    179e:	9736                	add	a4,a4,a3
    17a0:	c018                	sw	a4,0(s0)
    17a2:	c05c                	sw	a5,4(s0)
    17a4:	bfd9                	j	177a <_free_r+0x2a>
    17a6:	87ba                	mv	a5,a4
    17a8:	43d8                	lw	a4,4(a5)
    17aa:	c319                	beqz	a4,17b0 <_free_r+0x60>
    17ac:	fee47de3          	bgeu	s0,a4,17a6 <_free_r+0x56>
    17b0:	4394                	lw	a3,0(a5)
    17b2:	00d78633          	add	a2,a5,a3
    17b6:	00861f63          	bne	a2,s0,17d4 <_free_r+0x84>
    17ba:	4010                	lw	a2,0(s0)
    17bc:	96b2                	add	a3,a3,a2
    17be:	c394                	sw	a3,0(a5)
    17c0:	00d78633          	add	a2,a5,a3
    17c4:	fac71de3          	bne	a4,a2,177e <_free_r+0x2e>
    17c8:	4310                	lw	a2,0(a4)
    17ca:	4358                	lw	a4,4(a4)
    17cc:	96b2                	add	a3,a3,a2
    17ce:	c394                	sw	a3,0(a5)
    17d0:	c3d8                	sw	a4,4(a5)
    17d2:	b775                	j	177e <_free_r+0x2e>
    17d4:	00c47563          	bgeu	s0,a2,17de <_free_r+0x8e>
    17d8:	47b1                	li	a5,12
    17da:	c09c                	sw	a5,0(s1)
    17dc:	b74d                	j	177e <_free_r+0x2e>
    17de:	4010                	lw	a2,0(s0)
    17e0:	00c406b3          	add	a3,s0,a2
    17e4:	00d71663          	bne	a4,a3,17f0 <_free_r+0xa0>
    17e8:	4314                	lw	a3,0(a4)
    17ea:	4358                	lw	a4,4(a4)
    17ec:	96b2                	add	a3,a3,a2
    17ee:	c014                	sw	a3,0(s0)
    17f0:	c058                	sw	a4,4(s0)
    17f2:	c3c0                	sw	s0,4(a5)
    17f4:	b769                	j	177e <_free_r+0x2e>
    17f6:	8082                	ret

000017f8 <_malloc_r>:
    17f8:	1101                	addi	sp,sp,-32
    17fa:	ca26                	sw	s1,20(sp)
    17fc:	00358493          	addi	s1,a1,3
    1800:	98f1                	andi	s1,s1,-4
    1802:	ce06                	sw	ra,28(sp)
    1804:	cc22                	sw	s0,24(sp)
    1806:	c84a                	sw	s2,16(sp)
    1808:	c64e                	sw	s3,12(sp)
    180a:	04a1                	addi	s1,s1,8
    180c:	47b1                	li	a5,12
    180e:	04f4f563          	bgeu	s1,a5,1858 <_malloc_r+0x60>
    1812:	44b1                	li	s1,12
    1814:	04b4e463          	bltu	s1,a1,185c <_malloc_r+0x64>
    1818:	892a                	mv	s2,a0
    181a:	551000ef          	jal	ra,256a <__malloc_lock>
    181e:	82018793          	addi	a5,gp,-2016 # 200000a0 <__malloc_free_list>
    1822:	4398                	lw	a4,0(a5)
    1824:	843a                	mv	s0,a4
    1826:	e429                	bnez	s0,1870 <_malloc_r+0x78>
    1828:	82418793          	addi	a5,gp,-2012 # 200000a4 <__malloc_sbrk_start>
    182c:	439c                	lw	a5,0(a5)
    182e:	e799                	bnez	a5,183c <_malloc_r+0x44>
    1830:	4581                	li	a1,0
    1832:	854a                	mv	a0,s2
    1834:	27f000ef          	jal	ra,22b2 <_sbrk_r>
    1838:	82a1a223          	sw	a0,-2012(gp) # 200000a4 <__malloc_sbrk_start>
    183c:	85a6                	mv	a1,s1
    183e:	854a                	mv	a0,s2
    1840:	273000ef          	jal	ra,22b2 <_sbrk_r>
    1844:	59fd                	li	s3,-1
    1846:	07351963          	bne	a0,s3,18b8 <_malloc_r+0xc0>
    184a:	47b1                	li	a5,12
    184c:	00f92023          	sw	a5,0(s2)
    1850:	854a                	mv	a0,s2
    1852:	51b000ef          	jal	ra,256c <__malloc_unlock>
    1856:	a029                	j	1860 <_malloc_r+0x68>
    1858:	fa04dee3          	bgez	s1,1814 <_malloc_r+0x1c>
    185c:	47b1                	li	a5,12
    185e:	c11c                	sw	a5,0(a0)
    1860:	4501                	li	a0,0
    1862:	40f2                	lw	ra,28(sp)
    1864:	4462                	lw	s0,24(sp)
    1866:	44d2                	lw	s1,20(sp)
    1868:	4942                	lw	s2,16(sp)
    186a:	49b2                	lw	s3,12(sp)
    186c:	6105                	addi	sp,sp,32
    186e:	8082                	ret
    1870:	401c                	lw	a5,0(s0)
    1872:	8f85                	sub	a5,a5,s1
    1874:	0207cf63          	bltz	a5,18b2 <_malloc_r+0xba>
    1878:	46ad                	li	a3,11
    187a:	00f6f663          	bgeu	a3,a5,1886 <_malloc_r+0x8e>
    187e:	c01c                	sw	a5,0(s0)
    1880:	943e                	add	s0,s0,a5
    1882:	c004                	sw	s1,0(s0)
    1884:	a031                	j	1890 <_malloc_r+0x98>
    1886:	405c                	lw	a5,4(s0)
    1888:	02871363          	bne	a4,s0,18ae <_malloc_r+0xb6>
    188c:	82f1a023          	sw	a5,-2016(gp) # 200000a0 <__malloc_free_list>
    1890:	854a                	mv	a0,s2
    1892:	4db000ef          	jal	ra,256c <__malloc_unlock>
    1896:	00b40513          	addi	a0,s0,11
    189a:	00440793          	addi	a5,s0,4
    189e:	9961                	andi	a0,a0,-8
    18a0:	40f50733          	sub	a4,a0,a5
    18a4:	df5d                	beqz	a4,1862 <_malloc_r+0x6a>
    18a6:	943a                	add	s0,s0,a4
    18a8:	8f89                	sub	a5,a5,a0
    18aa:	c01c                	sw	a5,0(s0)
    18ac:	bf5d                	j	1862 <_malloc_r+0x6a>
    18ae:	c35c                	sw	a5,4(a4)
    18b0:	b7c5                	j	1890 <_malloc_r+0x98>
    18b2:	8722                	mv	a4,s0
    18b4:	4040                	lw	s0,4(s0)
    18b6:	bf85                	j	1826 <_malloc_r+0x2e>
    18b8:	00350413          	addi	s0,a0,3
    18bc:	9871                	andi	s0,s0,-4
    18be:	fc8502e3          	beq	a0,s0,1882 <_malloc_r+0x8a>
    18c2:	40a405b3          	sub	a1,s0,a0
    18c6:	854a                	mv	a0,s2
    18c8:	1eb000ef          	jal	ra,22b2 <_sbrk_r>
    18cc:	fb351be3          	bne	a0,s3,1882 <_malloc_r+0x8a>
    18d0:	bfad                	j	184a <_malloc_r+0x52>

000018d2 <__ssputs_r>:
    18d2:	1101                	addi	sp,sp,-32
    18d4:	c84a                	sw	s2,16(sp)
    18d6:	0085a903          	lw	s2,8(a1)
    18da:	cc22                	sw	s0,24(sp)
    18dc:	c452                	sw	s4,8(sp)
    18de:	c05a                	sw	s6,0(sp)
    18e0:	ce06                	sw	ra,28(sp)
    18e2:	ca26                	sw	s1,20(sp)
    18e4:	c64e                	sw	s3,12(sp)
    18e6:	c256                	sw	s5,4(sp)
    18e8:	842e                	mv	s0,a1
    18ea:	8b32                	mv	s6,a2
    18ec:	8a36                	mv	s4,a3
    18ee:	0926e863          	bltu	a3,s2,197e <__ssputs_r+0xac>
    18f2:	25de                	lhu	a5,12(a1)
    18f4:	4807f713          	andi	a4,a5,1152
    18f8:	c349                	beqz	a4,197a <__ssputs_r+0xa8>
    18fa:	4004                	lw	s1,0(s0)
    18fc:	498c                	lw	a1,16(a1)
    18fe:	4858                	lw	a4,20(s0)
    1900:	8aaa                	mv	s5,a0
    1902:	40b489b3          	sub	s3,s1,a1
    1906:	448d                	li	s1,3
    1908:	02e484b3          	mul	s1,s1,a4
    190c:	4709                	li	a4,2
    190e:	02e4c4b3          	div	s1,s1,a4
    1912:	00168713          	addi	a4,a3,1
    1916:	974e                	add	a4,a4,s3
    1918:	00e4f363          	bgeu	s1,a4,191e <__ssputs_r+0x4c>
    191c:	84ba                	mv	s1,a4
    191e:	4007f793          	andi	a5,a5,1024
    1922:	cfb5                	beqz	a5,199e <__ssputs_r+0xcc>
    1924:	85a6                	mv	a1,s1
    1926:	8556                	mv	a0,s5
    1928:	3dc1                	jal	17f8 <_malloc_r>
    192a:	892a                	mv	s2,a0
    192c:	e11d                	bnez	a0,1952 <__ssputs_r+0x80>
    192e:	47b1                	li	a5,12
    1930:	00faa023          	sw	a5,0(s5)
    1934:	245e                	lhu	a5,12(s0)
    1936:	557d                	li	a0,-1
    1938:	0407e793          	ori	a5,a5,64
    193c:	a45e                	sh	a5,12(s0)
    193e:	40f2                	lw	ra,28(sp)
    1940:	4462                	lw	s0,24(sp)
    1942:	44d2                	lw	s1,20(sp)
    1944:	4942                	lw	s2,16(sp)
    1946:	49b2                	lw	s3,12(sp)
    1948:	4a22                	lw	s4,8(sp)
    194a:	4a92                	lw	s5,4(sp)
    194c:	4b02                	lw	s6,0(sp)
    194e:	6105                	addi	sp,sp,32
    1950:	8082                	ret
    1952:	480c                	lw	a1,16(s0)
    1954:	864e                	mv	a2,s3
    1956:	31d000ef          	jal	ra,2472 <memcpy>
    195a:	245e                	lhu	a5,12(s0)
    195c:	b7f7f793          	andi	a5,a5,-1153
    1960:	0807e793          	ori	a5,a5,128
    1964:	a45e                	sh	a5,12(s0)
    1966:	01242823          	sw	s2,16(s0)
    196a:	c844                	sw	s1,20(s0)
    196c:	994e                	add	s2,s2,s3
    196e:	413484b3          	sub	s1,s1,s3
    1972:	01242023          	sw	s2,0(s0)
    1976:	c404                	sw	s1,8(s0)
    1978:	8952                	mv	s2,s4
    197a:	012a7363          	bgeu	s4,s2,1980 <__ssputs_r+0xae>
    197e:	8952                	mv	s2,s4
    1980:	4008                	lw	a0,0(s0)
    1982:	864a                	mv	a2,s2
    1984:	85da                	mv	a1,s6
    1986:	39f000ef          	jal	ra,2524 <memmove>
    198a:	441c                	lw	a5,8(s0)
    198c:	4501                	li	a0,0
    198e:	412787b3          	sub	a5,a5,s2
    1992:	c41c                	sw	a5,8(s0)
    1994:	401c                	lw	a5,0(s0)
    1996:	993e                	add	s2,s2,a5
    1998:	01242023          	sw	s2,0(s0)
    199c:	b74d                	j	193e <__ssputs_r+0x6c>
    199e:	8626                	mv	a2,s1
    19a0:	8556                	mv	a0,s5
    19a2:	3cd000ef          	jal	ra,256e <_realloc_r>
    19a6:	892a                	mv	s2,a0
    19a8:	fd5d                	bnez	a0,1966 <__ssputs_r+0x94>
    19aa:	480c                	lw	a1,16(s0)
    19ac:	8556                	mv	a0,s5
    19ae:	334d                	jal	1750 <_free_r>
    19b0:	bfbd                	j	192e <__ssputs_r+0x5c>

000019b2 <_svfiprintf_r>:
    19b2:	25de                	lhu	a5,12(a1)
    19b4:	7171                	addi	sp,sp,-176
    19b6:	d326                	sw	s1,164(sp)
    19b8:	d14a                	sw	s2,160(sp)
    19ba:	cf4e                	sw	s3,156(sp)
    19bc:	d706                	sw	ra,172(sp)
    19be:	d522                	sw	s0,168(sp)
    19c0:	cd52                	sw	s4,152(sp)
    19c2:	cb56                	sw	s5,148(sp)
    19c4:	c95a                	sw	s6,144(sp)
    19c6:	c75e                	sw	s7,140(sp)
    19c8:	c562                	sw	s8,136(sp)
    19ca:	c366                	sw	s9,132(sp)
    19cc:	0807f793          	andi	a5,a5,128
    19d0:	89aa                	mv	s3,a0
    19d2:	892e                	mv	s2,a1
    19d4:	84b2                	mv	s1,a2
    19d6:	c3b1                	beqz	a5,1a1a <_svfiprintf_r+0x68>
    19d8:	499c                	lw	a5,16(a1)
    19da:	e3a1                	bnez	a5,1a1a <_svfiprintf_r+0x68>
    19dc:	04000593          	li	a1,64
    19e0:	c636                	sw	a3,12(sp)
    19e2:	3d19                	jal	17f8 <_malloc_r>
    19e4:	00a92023          	sw	a0,0(s2)
    19e8:	00a92823          	sw	a0,16(s2)
    19ec:	46b2                	lw	a3,12(sp)
    19ee:	e115                	bnez	a0,1a12 <_svfiprintf_r+0x60>
    19f0:	47b1                	li	a5,12
    19f2:	00f9a023          	sw	a5,0(s3)
    19f6:	557d                	li	a0,-1
    19f8:	50ba                	lw	ra,172(sp)
    19fa:	542a                	lw	s0,168(sp)
    19fc:	549a                	lw	s1,164(sp)
    19fe:	590a                	lw	s2,160(sp)
    1a00:	49fa                	lw	s3,156(sp)
    1a02:	4a6a                	lw	s4,152(sp)
    1a04:	4ada                	lw	s5,148(sp)
    1a06:	4b4a                	lw	s6,144(sp)
    1a08:	4bba                	lw	s7,140(sp)
    1a0a:	4c2a                	lw	s8,136(sp)
    1a0c:	4c9a                	lw	s9,132(sp)
    1a0e:	614d                	addi	sp,sp,176
    1a10:	8082                	ret
    1a12:	04000793          	li	a5,64
    1a16:	00f92a23          	sw	a5,20(s2)
    1a1a:	02000793          	li	a5,32
    1a1e:	02f10ca3          	sb	a5,57(sp)
    1a22:	03000793          	li	a5,48
    1a26:	da02                	sw	zero,52(sp)
    1a28:	02f10d23          	sb	a5,58(sp)
    1a2c:	ce36                	sw	a3,28(sp)
    1a2e:	02500b93          	li	s7,37
    1a32:	00001a97          	auipc	s5,0x1
    1a36:	e42a8a93          	addi	s5,s5,-446 # 2874 <__sf_fake_stdout+0x20>
    1a3a:	4c05                	li	s8,1
    1a3c:	4b29                	li	s6,10
    1a3e:	8426                	mv	s0,s1
    1a40:	201c                	lbu	a5,0(s0)
    1a42:	c399                	beqz	a5,1a48 <_svfiprintf_r+0x96>
    1a44:	09779863          	bne	a5,s7,1ad4 <_svfiprintf_r+0x122>
    1a48:	40940cb3          	sub	s9,s0,s1
    1a4c:	000c8d63          	beqz	s9,1a66 <_svfiprintf_r+0xb4>
    1a50:	86e6                	mv	a3,s9
    1a52:	8626                	mv	a2,s1
    1a54:	85ca                	mv	a1,s2
    1a56:	854e                	mv	a0,s3
    1a58:	3dad                	jal	18d2 <__ssputs_r>
    1a5a:	57fd                	li	a5,-1
    1a5c:	18f50b63          	beq	a0,a5,1bf2 <_svfiprintf_r+0x240>
    1a60:	56d2                	lw	a3,52(sp)
    1a62:	96e6                	add	a3,a3,s9
    1a64:	da36                	sw	a3,52(sp)
    1a66:	201c                	lbu	a5,0(s0)
    1a68:	18078563          	beqz	a5,1bf2 <_svfiprintf_r+0x240>
    1a6c:	57fd                	li	a5,-1
    1a6e:	00140493          	addi	s1,s0,1
    1a72:	d002                	sw	zero,32(sp)
    1a74:	d602                	sw	zero,44(sp)
    1a76:	d23e                	sw	a5,36(sp)
    1a78:	d402                	sw	zero,40(sp)
    1a7a:	060101a3          	sb	zero,99(sp)
    1a7e:	dc82                	sw	zero,120(sp)
    1a80:	208c                	lbu	a1,0(s1)
    1a82:	4615                	li	a2,5
    1a84:	8556                	mv	a0,s5
    1a86:	1d5000ef          	jal	ra,245a <memchr>
    1a8a:	00148413          	addi	s0,s1,1
    1a8e:	5782                	lw	a5,32(sp)
    1a90:	e521                	bnez	a0,1ad8 <_svfiprintf_r+0x126>
    1a92:	0107f713          	andi	a4,a5,16
    1a96:	c709                	beqz	a4,1aa0 <_svfiprintf_r+0xee>
    1a98:	02000713          	li	a4,32
    1a9c:	06e101a3          	sb	a4,99(sp)
    1aa0:	0087f713          	andi	a4,a5,8
    1aa4:	c709                	beqz	a4,1aae <_svfiprintf_r+0xfc>
    1aa6:	02b00713          	li	a4,43
    1aaa:	06e101a3          	sb	a4,99(sp)
    1aae:	2094                	lbu	a3,0(s1)
    1ab0:	02a00713          	li	a4,42
    1ab4:	02e68a63          	beq	a3,a4,1ae8 <_svfiprintf_r+0x136>
    1ab8:	57b2                	lw	a5,44(sp)
    1aba:	8426                	mv	s0,s1
    1abc:	4681                	li	a3,0
    1abe:	4625                	li	a2,9
    1ac0:	2018                	lbu	a4,0(s0)
    1ac2:	00140593          	addi	a1,s0,1
    1ac6:	fd070713          	addi	a4,a4,-48 # ffffdfd0 <_eusrstack+0xdfff8fd0>
    1aca:	06e67263          	bgeu	a2,a4,1b2e <_svfiprintf_r+0x17c>
    1ace:	c68d                	beqz	a3,1af8 <_svfiprintf_r+0x146>
    1ad0:	d63e                	sw	a5,44(sp)
    1ad2:	a01d                	j	1af8 <_svfiprintf_r+0x146>
    1ad4:	0405                	addi	s0,s0,1
    1ad6:	b7ad                	j	1a40 <_svfiprintf_r+0x8e>
    1ad8:	41550533          	sub	a0,a0,s5
    1adc:	00ac1533          	sll	a0,s8,a0
    1ae0:	8fc9                	or	a5,a5,a0
    1ae2:	d03e                	sw	a5,32(sp)
    1ae4:	84a2                	mv	s1,s0
    1ae6:	bf69                	j	1a80 <_svfiprintf_r+0xce>
    1ae8:	4772                	lw	a4,28(sp)
    1aea:	00470693          	addi	a3,a4,4
    1aee:	4318                	lw	a4,0(a4)
    1af0:	ce36                	sw	a3,28(sp)
    1af2:	02074763          	bltz	a4,1b20 <_svfiprintf_r+0x16e>
    1af6:	d63a                	sw	a4,44(sp)
    1af8:	2018                	lbu	a4,0(s0)
    1afa:	02e00793          	li	a5,46
    1afe:	04f71d63          	bne	a4,a5,1b58 <_svfiprintf_r+0x1a6>
    1b02:	3018                	lbu	a4,1(s0)
    1b04:	02a00793          	li	a5,42
    1b08:	02f71b63          	bne	a4,a5,1b3e <_svfiprintf_r+0x18c>
    1b0c:	47f2                	lw	a5,28(sp)
    1b0e:	0409                	addi	s0,s0,2
    1b10:	00478713          	addi	a4,a5,4
    1b14:	439c                	lw	a5,0(a5)
    1b16:	ce3a                	sw	a4,28(sp)
    1b18:	0207c163          	bltz	a5,1b3a <_svfiprintf_r+0x188>
    1b1c:	d23e                	sw	a5,36(sp)
    1b1e:	a82d                	j	1b58 <_svfiprintf_r+0x1a6>
    1b20:	40e00733          	neg	a4,a4
    1b24:	0027e793          	ori	a5,a5,2
    1b28:	d63a                	sw	a4,44(sp)
    1b2a:	d03e                	sw	a5,32(sp)
    1b2c:	b7f1                	j	1af8 <_svfiprintf_r+0x146>
    1b2e:	036787b3          	mul	a5,a5,s6
    1b32:	4685                	li	a3,1
    1b34:	842e                	mv	s0,a1
    1b36:	97ba                	add	a5,a5,a4
    1b38:	b761                	j	1ac0 <_svfiprintf_r+0x10e>
    1b3a:	57fd                	li	a5,-1
    1b3c:	b7c5                	j	1b1c <_svfiprintf_r+0x16a>
    1b3e:	0405                	addi	s0,s0,1
    1b40:	d202                	sw	zero,36(sp)
    1b42:	4681                	li	a3,0
    1b44:	4781                	li	a5,0
    1b46:	4625                	li	a2,9
    1b48:	2018                	lbu	a4,0(s0)
    1b4a:	00140593          	addi	a1,s0,1
    1b4e:	fd070713          	addi	a4,a4,-48
    1b52:	06e67663          	bgeu	a2,a4,1bbe <_svfiprintf_r+0x20c>
    1b56:	f2f9                	bnez	a3,1b1c <_svfiprintf_r+0x16a>
    1b58:	200c                	lbu	a1,0(s0)
    1b5a:	460d                	li	a2,3
    1b5c:	00001517          	auipc	a0,0x1
    1b60:	d2050513          	addi	a0,a0,-736 # 287c <__sf_fake_stdout+0x28>
    1b64:	0f7000ef          	jal	ra,245a <memchr>
    1b68:	cd11                	beqz	a0,1b84 <_svfiprintf_r+0x1d2>
    1b6a:	00001797          	auipc	a5,0x1
    1b6e:	d1278793          	addi	a5,a5,-750 # 287c <__sf_fake_stdout+0x28>
    1b72:	8d1d                	sub	a0,a0,a5
    1b74:	04000793          	li	a5,64
    1b78:	00a797b3          	sll	a5,a5,a0
    1b7c:	5502                	lw	a0,32(sp)
    1b7e:	0405                	addi	s0,s0,1
    1b80:	8d5d                	or	a0,a0,a5
    1b82:	d02a                	sw	a0,32(sp)
    1b84:	200c                	lbu	a1,0(s0)
    1b86:	4619                	li	a2,6
    1b88:	00001517          	auipc	a0,0x1
    1b8c:	cf850513          	addi	a0,a0,-776 # 2880 <__sf_fake_stdout+0x2c>
    1b90:	00140493          	addi	s1,s0,1
    1b94:	02b10c23          	sb	a1,56(sp)
    1b98:	0c3000ef          	jal	ra,245a <memchr>
    1b9c:	c525                	beqz	a0,1c04 <_svfiprintf_r+0x252>
    1b9e:	ffffe797          	auipc	a5,0xffffe
    1ba2:	46278793          	addi	a5,a5,1122 # 0 <_sinit>
    1ba6:	e795                	bnez	a5,1bd2 <_svfiprintf_r+0x220>
    1ba8:	5702                	lw	a4,32(sp)
    1baa:	47f2                	lw	a5,28(sp)
    1bac:	10077713          	andi	a4,a4,256
    1bb0:	cf09                	beqz	a4,1bca <_svfiprintf_r+0x218>
    1bb2:	0791                	addi	a5,a5,4
    1bb4:	ce3e                	sw	a5,28(sp)
    1bb6:	57d2                	lw	a5,52(sp)
    1bb8:	97d2                	add	a5,a5,s4
    1bba:	da3e                	sw	a5,52(sp)
    1bbc:	b549                	j	1a3e <_svfiprintf_r+0x8c>
    1bbe:	036787b3          	mul	a5,a5,s6
    1bc2:	4685                	li	a3,1
    1bc4:	842e                	mv	s0,a1
    1bc6:	97ba                	add	a5,a5,a4
    1bc8:	b741                	j	1b48 <_svfiprintf_r+0x196>
    1bca:	079d                	addi	a5,a5,7
    1bcc:	9be1                	andi	a5,a5,-8
    1bce:	07a1                	addi	a5,a5,8
    1bd0:	b7d5                	j	1bb4 <_svfiprintf_r+0x202>
    1bd2:	0878                	addi	a4,sp,28
    1bd4:	00000697          	auipc	a3,0x0
    1bd8:	cfe68693          	addi	a3,a3,-770 # 18d2 <__ssputs_r>
    1bdc:	864a                	mv	a2,s2
    1bde:	100c                	addi	a1,sp,32
    1be0:	854e                	mv	a0,s3
    1be2:	00000097          	auipc	ra,0x0
    1be6:	000000e7          	jalr	zero # 0 <_sinit>
    1bea:	57fd                	li	a5,-1
    1bec:	8a2a                	mv	s4,a0
    1bee:	fcf514e3          	bne	a0,a5,1bb6 <_svfiprintf_r+0x204>
    1bf2:	00c95783          	lhu	a5,12(s2)
    1bf6:	557d                	li	a0,-1
    1bf8:	0407f793          	andi	a5,a5,64
    1bfc:	de079ee3          	bnez	a5,19f8 <_svfiprintf_r+0x46>
    1c00:	5552                	lw	a0,52(sp)
    1c02:	bbdd                	j	19f8 <_svfiprintf_r+0x46>
    1c04:	0878                	addi	a4,sp,28
    1c06:	00000697          	auipc	a3,0x0
    1c0a:	ccc68693          	addi	a3,a3,-820 # 18d2 <__ssputs_r>
    1c0e:	864a                	mv	a2,s2
    1c10:	100c                	addi	a1,sp,32
    1c12:	854e                	mv	a0,s3
    1c14:	2efd                	jal	2012 <_printf_i>
    1c16:	bfd1                	j	1bea <_svfiprintf_r+0x238>

00001c18 <__sfputc_r>:
    1c18:	461c                	lw	a5,8(a2)
    1c1a:	17fd                	addi	a5,a5,-1
    1c1c:	c61c                	sw	a5,8(a2)
    1c1e:	0007da63          	bgez	a5,1c32 <__sfputc_r+0x1a>
    1c22:	4e18                	lw	a4,24(a2)
    1c24:	00e7c563          	blt	a5,a4,1c2e <__sfputc_r+0x16>
    1c28:	47a9                	li	a5,10
    1c2a:	00f59463          	bne	a1,a5,1c32 <__sfputc_r+0x1a>
    1c2e:	cccff06f          	j	10fa <__swbuf_r>
    1c32:	421c                	lw	a5,0(a2)
    1c34:	852e                	mv	a0,a1
    1c36:	00178713          	addi	a4,a5,1
    1c3a:	c218                	sw	a4,0(a2)
    1c3c:	a38c                	sb	a1,0(a5)
    1c3e:	8082                	ret

00001c40 <__sfputs_r>:
    1c40:	1101                	addi	sp,sp,-32
    1c42:	cc22                	sw	s0,24(sp)
    1c44:	ca26                	sw	s1,20(sp)
    1c46:	c84a                	sw	s2,16(sp)
    1c48:	c64e                	sw	s3,12(sp)
    1c4a:	c452                	sw	s4,8(sp)
    1c4c:	ce06                	sw	ra,28(sp)
    1c4e:	892a                	mv	s2,a0
    1c50:	89ae                	mv	s3,a1
    1c52:	8432                	mv	s0,a2
    1c54:	00d604b3          	add	s1,a2,a3
    1c58:	5a7d                	li	s4,-1
    1c5a:	00941463          	bne	s0,s1,1c62 <__sfputs_r+0x22>
    1c5e:	4501                	li	a0,0
    1c60:	a801                	j	1c70 <__sfputs_r+0x30>
    1c62:	200c                	lbu	a1,0(s0)
    1c64:	864e                	mv	a2,s3
    1c66:	854a                	mv	a0,s2
    1c68:	3f45                	jal	1c18 <__sfputc_r>
    1c6a:	0405                	addi	s0,s0,1
    1c6c:	ff4517e3          	bne	a0,s4,1c5a <__sfputs_r+0x1a>
    1c70:	40f2                	lw	ra,28(sp)
    1c72:	4462                	lw	s0,24(sp)
    1c74:	44d2                	lw	s1,20(sp)
    1c76:	4942                	lw	s2,16(sp)
    1c78:	49b2                	lw	s3,12(sp)
    1c7a:	4a22                	lw	s4,8(sp)
    1c7c:	6105                	addi	sp,sp,32
    1c7e:	8082                	ret

00001c80 <_vfiprintf_r>:
    1c80:	7135                	addi	sp,sp,-160
    1c82:	cd22                	sw	s0,152(sp)
    1c84:	cb26                	sw	s1,148(sp)
    1c86:	c94a                	sw	s2,144(sp)
    1c88:	c74e                	sw	s3,140(sp)
    1c8a:	cf06                	sw	ra,156(sp)
    1c8c:	c552                	sw	s4,136(sp)
    1c8e:	c356                	sw	s5,132(sp)
    1c90:	c15a                	sw	s6,128(sp)
    1c92:	dede                	sw	s7,124(sp)
    1c94:	dce2                	sw	s8,120(sp)
    1c96:	dae6                	sw	s9,116(sp)
    1c98:	89aa                	mv	s3,a0
    1c9a:	84ae                	mv	s1,a1
    1c9c:	8932                	mv	s2,a2
    1c9e:	8436                	mv	s0,a3
    1ca0:	c509                	beqz	a0,1caa <_vfiprintf_r+0x2a>
    1ca2:	4d1c                	lw	a5,24(a0)
    1ca4:	e399                	bnez	a5,1caa <_vfiprintf_r+0x2a>
    1ca6:	857ff0ef          	jal	ra,14fc <__sinit>
    1caa:	00001797          	auipc	a5,0x1
    1cae:	b8a78793          	addi	a5,a5,-1142 # 2834 <__sf_fake_stdin>
    1cb2:	0cf49763          	bne	s1,a5,1d80 <_vfiprintf_r+0x100>
    1cb6:	0049a483          	lw	s1,4(s3)
    1cba:	24de                	lhu	a5,12(s1)
    1cbc:	8ba1                	andi	a5,a5,8
    1cbe:	c3fd                	beqz	a5,1da4 <_vfiprintf_r+0x124>
    1cc0:	489c                	lw	a5,16(s1)
    1cc2:	c3ed                	beqz	a5,1da4 <_vfiprintf_r+0x124>
    1cc4:	02000793          	li	a5,32
    1cc8:	02f104a3          	sb	a5,41(sp)
    1ccc:	03000793          	li	a5,48
    1cd0:	d202                	sw	zero,36(sp)
    1cd2:	02f10523          	sb	a5,42(sp)
    1cd6:	c622                	sw	s0,12(sp)
    1cd8:	02500b93          	li	s7,37
    1cdc:	00001a97          	auipc	s5,0x1
    1ce0:	b98a8a93          	addi	s5,s5,-1128 # 2874 <__sf_fake_stdout+0x20>
    1ce4:	4c05                	li	s8,1
    1ce6:	4b29                	li	s6,10
    1ce8:	844a                	mv	s0,s2
    1cea:	201c                	lbu	a5,0(s0)
    1cec:	c399                	beqz	a5,1cf2 <_vfiprintf_r+0x72>
    1cee:	0d779e63          	bne	a5,s7,1dca <_vfiprintf_r+0x14a>
    1cf2:	41240cb3          	sub	s9,s0,s2
    1cf6:	000c8d63          	beqz	s9,1d10 <_vfiprintf_r+0x90>
    1cfa:	86e6                	mv	a3,s9
    1cfc:	864a                	mv	a2,s2
    1cfe:	85a6                	mv	a1,s1
    1d00:	854e                	mv	a0,s3
    1d02:	3f3d                	jal	1c40 <__sfputs_r>
    1d04:	57fd                	li	a5,-1
    1d06:	1cf50f63          	beq	a0,a5,1ee4 <_vfiprintf_r+0x264>
    1d0a:	5692                	lw	a3,36(sp)
    1d0c:	96e6                	add	a3,a3,s9
    1d0e:	d236                	sw	a3,36(sp)
    1d10:	201c                	lbu	a5,0(s0)
    1d12:	1c078963          	beqz	a5,1ee4 <_vfiprintf_r+0x264>
    1d16:	57fd                	li	a5,-1
    1d18:	00140913          	addi	s2,s0,1
    1d1c:	c802                	sw	zero,16(sp)
    1d1e:	ce02                	sw	zero,28(sp)
    1d20:	ca3e                	sw	a5,20(sp)
    1d22:	cc02                	sw	zero,24(sp)
    1d24:	040109a3          	sb	zero,83(sp)
    1d28:	d482                	sw	zero,104(sp)
    1d2a:	00094583          	lbu	a1,0(s2)
    1d2e:	4615                	li	a2,5
    1d30:	8556                	mv	a0,s5
    1d32:	2725                	jal	245a <memchr>
    1d34:	00190413          	addi	s0,s2,1
    1d38:	47c2                	lw	a5,16(sp)
    1d3a:	e951                	bnez	a0,1dce <_vfiprintf_r+0x14e>
    1d3c:	0107f713          	andi	a4,a5,16
    1d40:	c709                	beqz	a4,1d4a <_vfiprintf_r+0xca>
    1d42:	02000713          	li	a4,32
    1d46:	04e109a3          	sb	a4,83(sp)
    1d4a:	0087f713          	andi	a4,a5,8
    1d4e:	c709                	beqz	a4,1d58 <_vfiprintf_r+0xd8>
    1d50:	02b00713          	li	a4,43
    1d54:	04e109a3          	sb	a4,83(sp)
    1d58:	00094683          	lbu	a3,0(s2)
    1d5c:	02a00713          	li	a4,42
    1d60:	06e68f63          	beq	a3,a4,1dde <_vfiprintf_r+0x15e>
    1d64:	47f2                	lw	a5,28(sp)
    1d66:	844a                	mv	s0,s2
    1d68:	4681                	li	a3,0
    1d6a:	4625                	li	a2,9
    1d6c:	2018                	lbu	a4,0(s0)
    1d6e:	00140593          	addi	a1,s0,1
    1d72:	fd070713          	addi	a4,a4,-48
    1d76:	0ae67763          	bgeu	a2,a4,1e24 <_vfiprintf_r+0x1a4>
    1d7a:	cab5                	beqz	a3,1dee <_vfiprintf_r+0x16e>
    1d7c:	ce3e                	sw	a5,28(sp)
    1d7e:	a885                	j	1dee <_vfiprintf_r+0x16e>
    1d80:	00001797          	auipc	a5,0x1
    1d84:	ad478793          	addi	a5,a5,-1324 # 2854 <__sf_fake_stdout>
    1d88:	00f49563          	bne	s1,a5,1d92 <_vfiprintf_r+0x112>
    1d8c:	0089a483          	lw	s1,8(s3)
    1d90:	b72d                	j	1cba <_vfiprintf_r+0x3a>
    1d92:	00001797          	auipc	a5,0x1
    1d96:	a8278793          	addi	a5,a5,-1406 # 2814 <__sf_fake_stderr>
    1d9a:	f2f490e3          	bne	s1,a5,1cba <_vfiprintf_r+0x3a>
    1d9e:	00c9a483          	lw	s1,12(s3)
    1da2:	bf21                	j	1cba <_vfiprintf_r+0x3a>
    1da4:	85a6                	mv	a1,s1
    1da6:	854e                	mv	a0,s3
    1da8:	c0eff0ef          	jal	ra,11b6 <__swsetup_r>
    1dac:	dd01                	beqz	a0,1cc4 <_vfiprintf_r+0x44>
    1dae:	557d                	li	a0,-1
    1db0:	40fa                	lw	ra,156(sp)
    1db2:	446a                	lw	s0,152(sp)
    1db4:	44da                	lw	s1,148(sp)
    1db6:	494a                	lw	s2,144(sp)
    1db8:	49ba                	lw	s3,140(sp)
    1dba:	4a2a                	lw	s4,136(sp)
    1dbc:	4a9a                	lw	s5,132(sp)
    1dbe:	4b0a                	lw	s6,128(sp)
    1dc0:	5bf6                	lw	s7,124(sp)
    1dc2:	5c66                	lw	s8,120(sp)
    1dc4:	5cd6                	lw	s9,116(sp)
    1dc6:	610d                	addi	sp,sp,160
    1dc8:	8082                	ret
    1dca:	0405                	addi	s0,s0,1
    1dcc:	bf39                	j	1cea <_vfiprintf_r+0x6a>
    1dce:	41550533          	sub	a0,a0,s5
    1dd2:	00ac1533          	sll	a0,s8,a0
    1dd6:	8fc9                	or	a5,a5,a0
    1dd8:	c83e                	sw	a5,16(sp)
    1dda:	8922                	mv	s2,s0
    1ddc:	b7b9                	j	1d2a <_vfiprintf_r+0xaa>
    1dde:	4732                	lw	a4,12(sp)
    1de0:	00470693          	addi	a3,a4,4
    1de4:	4318                	lw	a4,0(a4)
    1de6:	c636                	sw	a3,12(sp)
    1de8:	02074763          	bltz	a4,1e16 <_vfiprintf_r+0x196>
    1dec:	ce3a                	sw	a4,28(sp)
    1dee:	2018                	lbu	a4,0(s0)
    1df0:	02e00793          	li	a5,46
    1df4:	04f71d63          	bne	a4,a5,1e4e <_vfiprintf_r+0x1ce>
    1df8:	3018                	lbu	a4,1(s0)
    1dfa:	02a00793          	li	a5,42
    1dfe:	02f71b63          	bne	a4,a5,1e34 <_vfiprintf_r+0x1b4>
    1e02:	47b2                	lw	a5,12(sp)
    1e04:	0409                	addi	s0,s0,2
    1e06:	00478713          	addi	a4,a5,4
    1e0a:	439c                	lw	a5,0(a5)
    1e0c:	c63a                	sw	a4,12(sp)
    1e0e:	0207c163          	bltz	a5,1e30 <_vfiprintf_r+0x1b0>
    1e12:	ca3e                	sw	a5,20(sp)
    1e14:	a82d                	j	1e4e <_vfiprintf_r+0x1ce>
    1e16:	40e00733          	neg	a4,a4
    1e1a:	0027e793          	ori	a5,a5,2
    1e1e:	ce3a                	sw	a4,28(sp)
    1e20:	c83e                	sw	a5,16(sp)
    1e22:	b7f1                	j	1dee <_vfiprintf_r+0x16e>
    1e24:	036787b3          	mul	a5,a5,s6
    1e28:	4685                	li	a3,1
    1e2a:	842e                	mv	s0,a1
    1e2c:	97ba                	add	a5,a5,a4
    1e2e:	bf3d                	j	1d6c <_vfiprintf_r+0xec>
    1e30:	57fd                	li	a5,-1
    1e32:	b7c5                	j	1e12 <_vfiprintf_r+0x192>
    1e34:	0405                	addi	s0,s0,1
    1e36:	ca02                	sw	zero,20(sp)
    1e38:	4681                	li	a3,0
    1e3a:	4781                	li	a5,0
    1e3c:	4625                	li	a2,9
    1e3e:	2018                	lbu	a4,0(s0)
    1e40:	00140593          	addi	a1,s0,1
    1e44:	fd070713          	addi	a4,a4,-48
    1e48:	06e67463          	bgeu	a2,a4,1eb0 <_vfiprintf_r+0x230>
    1e4c:	f2f9                	bnez	a3,1e12 <_vfiprintf_r+0x192>
    1e4e:	200c                	lbu	a1,0(s0)
    1e50:	460d                	li	a2,3
    1e52:	00001517          	auipc	a0,0x1
    1e56:	a2a50513          	addi	a0,a0,-1494 # 287c <__sf_fake_stdout+0x28>
    1e5a:	2501                	jal	245a <memchr>
    1e5c:	cd11                	beqz	a0,1e78 <_vfiprintf_r+0x1f8>
    1e5e:	00001797          	auipc	a5,0x1
    1e62:	a1e78793          	addi	a5,a5,-1506 # 287c <__sf_fake_stdout+0x28>
    1e66:	8d1d                	sub	a0,a0,a5
    1e68:	04000793          	li	a5,64
    1e6c:	00a797b3          	sll	a5,a5,a0
    1e70:	4542                	lw	a0,16(sp)
    1e72:	0405                	addi	s0,s0,1
    1e74:	8d5d                	or	a0,a0,a5
    1e76:	c82a                	sw	a0,16(sp)
    1e78:	200c                	lbu	a1,0(s0)
    1e7a:	4619                	li	a2,6
    1e7c:	00001517          	auipc	a0,0x1
    1e80:	a0450513          	addi	a0,a0,-1532 # 2880 <__sf_fake_stdout+0x2c>
    1e84:	00140913          	addi	s2,s0,1
    1e88:	02b10423          	sb	a1,40(sp)
    1e8c:	23f9                	jal	245a <memchr>
    1e8e:	c135                	beqz	a0,1ef2 <_vfiprintf_r+0x272>
    1e90:	ffffe797          	auipc	a5,0xffffe
    1e94:	17078793          	addi	a5,a5,368 # 0 <_sinit>
    1e98:	e795                	bnez	a5,1ec4 <_vfiprintf_r+0x244>
    1e9a:	4742                	lw	a4,16(sp)
    1e9c:	47b2                	lw	a5,12(sp)
    1e9e:	10077713          	andi	a4,a4,256
    1ea2:	cf09                	beqz	a4,1ebc <_vfiprintf_r+0x23c>
    1ea4:	0791                	addi	a5,a5,4
    1ea6:	c63e                	sw	a5,12(sp)
    1ea8:	5792                	lw	a5,36(sp)
    1eaa:	97d2                	add	a5,a5,s4
    1eac:	d23e                	sw	a5,36(sp)
    1eae:	bd2d                	j	1ce8 <_vfiprintf_r+0x68>
    1eb0:	036787b3          	mul	a5,a5,s6
    1eb4:	4685                	li	a3,1
    1eb6:	842e                	mv	s0,a1
    1eb8:	97ba                	add	a5,a5,a4
    1eba:	b751                	j	1e3e <_vfiprintf_r+0x1be>
    1ebc:	079d                	addi	a5,a5,7
    1ebe:	9be1                	andi	a5,a5,-8
    1ec0:	07a1                	addi	a5,a5,8
    1ec2:	b7d5                	j	1ea6 <_vfiprintf_r+0x226>
    1ec4:	0078                	addi	a4,sp,12
    1ec6:	00000697          	auipc	a3,0x0
    1eca:	d7a68693          	addi	a3,a3,-646 # 1c40 <__sfputs_r>
    1ece:	8626                	mv	a2,s1
    1ed0:	080c                	addi	a1,sp,16
    1ed2:	854e                	mv	a0,s3
    1ed4:	00000097          	auipc	ra,0x0
    1ed8:	000000e7          	jalr	zero # 0 <_sinit>
    1edc:	57fd                	li	a5,-1
    1ede:	8a2a                	mv	s4,a0
    1ee0:	fcf514e3          	bne	a0,a5,1ea8 <_vfiprintf_r+0x228>
    1ee4:	24de                	lhu	a5,12(s1)
    1ee6:	0407f793          	andi	a5,a5,64
    1eea:	ec0792e3          	bnez	a5,1dae <_vfiprintf_r+0x12e>
    1eee:	5512                	lw	a0,36(sp)
    1ef0:	b5c1                	j	1db0 <_vfiprintf_r+0x130>
    1ef2:	0078                	addi	a4,sp,12
    1ef4:	00000697          	auipc	a3,0x0
    1ef8:	d4c68693          	addi	a3,a3,-692 # 1c40 <__sfputs_r>
    1efc:	8626                	mv	a2,s1
    1efe:	080c                	addi	a1,sp,16
    1f00:	854e                	mv	a0,s3
    1f02:	2a01                	jal	2012 <_printf_i>
    1f04:	bfe1                	j	1edc <_vfiprintf_r+0x25c>

00001f06 <_printf_common>:
    1f06:	7179                	addi	sp,sp,-48
    1f08:	ca56                	sw	s5,20(sp)
    1f0a:	499c                	lw	a5,16(a1)
    1f0c:	8aba                	mv	s5,a4
    1f0e:	4598                	lw	a4,8(a1)
    1f10:	d422                	sw	s0,40(sp)
    1f12:	d226                	sw	s1,36(sp)
    1f14:	ce4e                	sw	s3,28(sp)
    1f16:	cc52                	sw	s4,24(sp)
    1f18:	d606                	sw	ra,44(sp)
    1f1a:	d04a                	sw	s2,32(sp)
    1f1c:	c85a                	sw	s6,16(sp)
    1f1e:	c65e                	sw	s7,12(sp)
    1f20:	89aa                	mv	s3,a0
    1f22:	842e                	mv	s0,a1
    1f24:	84b2                	mv	s1,a2
    1f26:	8a36                	mv	s4,a3
    1f28:	00e7d363          	bge	a5,a4,1f2e <_printf_common+0x28>
    1f2c:	87ba                	mv	a5,a4
    1f2e:	c09c                	sw	a5,0(s1)
    1f30:	04344703          	lbu	a4,67(s0)
    1f34:	c319                	beqz	a4,1f3a <_printf_common+0x34>
    1f36:	0785                	addi	a5,a5,1
    1f38:	c09c                	sw	a5,0(s1)
    1f3a:	401c                	lw	a5,0(s0)
    1f3c:	0207f793          	andi	a5,a5,32
    1f40:	c781                	beqz	a5,1f48 <_printf_common+0x42>
    1f42:	409c                	lw	a5,0(s1)
    1f44:	0789                	addi	a5,a5,2
    1f46:	c09c                	sw	a5,0(s1)
    1f48:	00042903          	lw	s2,0(s0)
    1f4c:	00697913          	andi	s2,s2,6
    1f50:	00091a63          	bnez	s2,1f64 <_printf_common+0x5e>
    1f54:	01940b13          	addi	s6,s0,25
    1f58:	5bfd                	li	s7,-1
    1f5a:	445c                	lw	a5,12(s0)
    1f5c:	4098                	lw	a4,0(s1)
    1f5e:	8f99                	sub	a5,a5,a4
    1f60:	04f94c63          	blt	s2,a5,1fb8 <_printf_common+0xb2>
    1f64:	401c                	lw	a5,0(s0)
    1f66:	04344683          	lbu	a3,67(s0)
    1f6a:	0207f793          	andi	a5,a5,32
    1f6e:	00d036b3          	snez	a3,a3
    1f72:	eba5                	bnez	a5,1fe2 <_printf_common+0xdc>
    1f74:	04340613          	addi	a2,s0,67
    1f78:	85d2                	mv	a1,s4
    1f7a:	854e                	mv	a0,s3
    1f7c:	9a82                	jalr	s5
    1f7e:	57fd                	li	a5,-1
    1f80:	04f50363          	beq	a0,a5,1fc6 <_printf_common+0xc0>
    1f84:	401c                	lw	a5,0(s0)
    1f86:	4611                	li	a2,4
    1f88:	4098                	lw	a4,0(s1)
    1f8a:	8b99                	andi	a5,a5,6
    1f8c:	4454                	lw	a3,12(s0)
    1f8e:	4481                	li	s1,0
    1f90:	00c79763          	bne	a5,a2,1f9e <_printf_common+0x98>
    1f94:	40e684b3          	sub	s1,a3,a4
    1f98:	0004d363          	bgez	s1,1f9e <_printf_common+0x98>
    1f9c:	4481                	li	s1,0
    1f9e:	441c                	lw	a5,8(s0)
    1fa0:	4818                	lw	a4,16(s0)
    1fa2:	00f75463          	bge	a4,a5,1faa <_printf_common+0xa4>
    1fa6:	8f99                	sub	a5,a5,a4
    1fa8:	94be                	add	s1,s1,a5
    1faa:	4901                	li	s2,0
    1fac:	0469                	addi	s0,s0,26
    1fae:	5b7d                	li	s6,-1
    1fb0:	05249863          	bne	s1,s2,2000 <_printf_common+0xfa>
    1fb4:	4501                	li	a0,0
    1fb6:	a809                	j	1fc8 <_printf_common+0xc2>
    1fb8:	4685                	li	a3,1
    1fba:	865a                	mv	a2,s6
    1fbc:	85d2                	mv	a1,s4
    1fbe:	854e                	mv	a0,s3
    1fc0:	9a82                	jalr	s5
    1fc2:	01751e63          	bne	a0,s7,1fde <_printf_common+0xd8>
    1fc6:	557d                	li	a0,-1
    1fc8:	50b2                	lw	ra,44(sp)
    1fca:	5422                	lw	s0,40(sp)
    1fcc:	5492                	lw	s1,36(sp)
    1fce:	5902                	lw	s2,32(sp)
    1fd0:	49f2                	lw	s3,28(sp)
    1fd2:	4a62                	lw	s4,24(sp)
    1fd4:	4ad2                	lw	s5,20(sp)
    1fd6:	4b42                	lw	s6,16(sp)
    1fd8:	4bb2                	lw	s7,12(sp)
    1fda:	6145                	addi	sp,sp,48
    1fdc:	8082                	ret
    1fde:	0905                	addi	s2,s2,1
    1fe0:	bfad                	j	1f5a <_printf_common+0x54>
    1fe2:	00d40733          	add	a4,s0,a3
    1fe6:	03000613          	li	a2,48
    1fea:	04c701a3          	sb	a2,67(a4)
    1fee:	04544703          	lbu	a4,69(s0)
    1ff2:	00168793          	addi	a5,a3,1
    1ff6:	97a2                	add	a5,a5,s0
    1ff8:	0689                	addi	a3,a3,2
    1ffa:	04e781a3          	sb	a4,67(a5)
    1ffe:	bf9d                	j	1f74 <_printf_common+0x6e>
    2000:	4685                	li	a3,1
    2002:	8622                	mv	a2,s0
    2004:	85d2                	mv	a1,s4
    2006:	854e                	mv	a0,s3
    2008:	9a82                	jalr	s5
    200a:	fb650ee3          	beq	a0,s6,1fc6 <_printf_common+0xc0>
    200e:	0905                	addi	s2,s2,1
    2010:	b745                	j	1fb0 <_printf_common+0xaa>

00002012 <_printf_i>:
    2012:	7179                	addi	sp,sp,-48
    2014:	d422                	sw	s0,40(sp)
    2016:	d226                	sw	s1,36(sp)
    2018:	d04a                	sw	s2,32(sp)
    201a:	ce4e                	sw	s3,28(sp)
    201c:	d606                	sw	ra,44(sp)
    201e:	cc52                	sw	s4,24(sp)
    2020:	ca56                	sw	s5,20(sp)
    2022:	c85a                	sw	s6,16(sp)
    2024:	89b6                	mv	s3,a3
    2026:	2d94                	lbu	a3,24(a1)
    2028:	06900793          	li	a5,105
    202c:	8932                	mv	s2,a2
    202e:	84aa                	mv	s1,a0
    2030:	842e                	mv	s0,a1
    2032:	04358613          	addi	a2,a1,67
    2036:	02f68d63          	beq	a3,a5,2070 <_printf_i+0x5e>
    203a:	06d7e263          	bltu	a5,a3,209e <_printf_i+0x8c>
    203e:	05800793          	li	a5,88
    2042:	18f68563          	beq	a3,a5,21cc <_printf_i+0x1ba>
    2046:	00d7ed63          	bltu	a5,a3,2060 <_printf_i+0x4e>
    204a:	20068d63          	beqz	a3,2264 <_printf_i+0x252>
    204e:	04300793          	li	a5,67
    2052:	0af68e63          	beq	a3,a5,210e <_printf_i+0xfc>
    2056:	04240a93          	addi	s5,s0,66
    205a:	04d40123          	sb	a3,66(s0)
    205e:	a0c9                	j	2120 <_printf_i+0x10e>
    2060:	06300793          	li	a5,99
    2064:	0af68563          	beq	a3,a5,210e <_printf_i+0xfc>
    2068:	06400793          	li	a5,100
    206c:	fef695e3          	bne	a3,a5,2056 <_printf_i+0x44>
    2070:	401c                	lw	a5,0(s0)
    2072:	4308                	lw	a0,0(a4)
    2074:	0807f693          	andi	a3,a5,128
    2078:	00450593          	addi	a1,a0,4
    207c:	c6c5                	beqz	a3,2124 <_printf_i+0x112>
    207e:	411c                	lw	a5,0(a0)
    2080:	c30c                	sw	a1,0(a4)
    2082:	0007d863          	bgez	a5,2092 <_printf_i+0x80>
    2086:	02d00713          	li	a4,45
    208a:	40f007b3          	neg	a5,a5
    208e:	04e401a3          	sb	a4,67(s0)
    2092:	00000697          	auipc	a3,0x0
    2096:	7f668693          	addi	a3,a3,2038 # 2888 <__sf_fake_stdout+0x34>
    209a:	4729                	li	a4,10
    209c:	a865                	j	2154 <_printf_i+0x142>
    209e:	07000793          	li	a5,112
    20a2:	16f68163          	beq	a3,a5,2204 <_printf_i+0x1f2>
    20a6:	02d7e563          	bltu	a5,a3,20d0 <_printf_i+0xbe>
    20aa:	06e00793          	li	a5,110
    20ae:	18f68863          	beq	a3,a5,223e <_printf_i+0x22c>
    20b2:	06f00793          	li	a5,111
    20b6:	faf690e3          	bne	a3,a5,2056 <_printf_i+0x44>
    20ba:	400c                	lw	a1,0(s0)
    20bc:	431c                	lw	a5,0(a4)
    20be:	0805f813          	andi	a6,a1,128
    20c2:	00478513          	addi	a0,a5,4
    20c6:	06080763          	beqz	a6,2134 <_printf_i+0x122>
    20ca:	c308                	sw	a0,0(a4)
    20cc:	439c                	lw	a5,0(a5)
    20ce:	a885                	j	213e <_printf_i+0x12c>
    20d0:	07500793          	li	a5,117
    20d4:	fef683e3          	beq	a3,a5,20ba <_printf_i+0xa8>
    20d8:	07800793          	li	a5,120
    20dc:	12f68863          	beq	a3,a5,220c <_printf_i+0x1fa>
    20e0:	07300793          	li	a5,115
    20e4:	f6f699e3          	bne	a3,a5,2056 <_printf_i+0x44>
    20e8:	431c                	lw	a5,0(a4)
    20ea:	41d0                	lw	a2,4(a1)
    20ec:	4581                	li	a1,0
    20ee:	00478693          	addi	a3,a5,4
    20f2:	c314                	sw	a3,0(a4)
    20f4:	0007aa83          	lw	s5,0(a5)
    20f8:	8556                	mv	a0,s5
    20fa:	2685                	jal	245a <memchr>
    20fc:	c501                	beqz	a0,2104 <_printf_i+0xf2>
    20fe:	41550533          	sub	a0,a0,s5
    2102:	c048                	sw	a0,4(s0)
    2104:	405c                	lw	a5,4(s0)
    2106:	c81c                	sw	a5,16(s0)
    2108:	040401a3          	sb	zero,67(s0)
    210c:	a861                	j	21a4 <_printf_i+0x192>
    210e:	431c                	lw	a5,0(a4)
    2110:	04240a93          	addi	s5,s0,66
    2114:	00478693          	addi	a3,a5,4
    2118:	439c                	lw	a5,0(a5)
    211a:	c314                	sw	a3,0(a4)
    211c:	04f40123          	sb	a5,66(s0)
    2120:	4785                	li	a5,1
    2122:	b7d5                	j	2106 <_printf_i+0xf4>
    2124:	0407f693          	andi	a3,a5,64
    2128:	411c                	lw	a5,0(a0)
    212a:	c30c                	sw	a1,0(a4)
    212c:	dab9                	beqz	a3,2082 <_printf_i+0x70>
    212e:	07c2                	slli	a5,a5,0x10
    2130:	87c1                	srai	a5,a5,0x10
    2132:	bf81                	j	2082 <_printf_i+0x70>
    2134:	0405f593          	andi	a1,a1,64
    2138:	c308                	sw	a0,0(a4)
    213a:	d9c9                	beqz	a1,20cc <_printf_i+0xba>
    213c:	239e                	lhu	a5,0(a5)
    213e:	06f00713          	li	a4,111
    2142:	0ee68663          	beq	a3,a4,222e <_printf_i+0x21c>
    2146:	00000697          	auipc	a3,0x0
    214a:	74268693          	addi	a3,a3,1858 # 2888 <__sf_fake_stdout+0x34>
    214e:	4729                	li	a4,10
    2150:	040401a3          	sb	zero,67(s0)
    2154:	404c                	lw	a1,4(s0)
    2156:	c40c                	sw	a1,8(s0)
    2158:	0005c563          	bltz	a1,2162 <_printf_i+0x150>
    215c:	4008                	lw	a0,0(s0)
    215e:	996d                	andi	a0,a0,-5
    2160:	c008                	sw	a0,0(s0)
    2162:	e399                	bnez	a5,2168 <_printf_i+0x156>
    2164:	8ab2                	mv	s5,a2
    2166:	cd89                	beqz	a1,2180 <_printf_i+0x16e>
    2168:	8ab2                	mv	s5,a2
    216a:	02e7f5b3          	remu	a1,a5,a4
    216e:	1afd                	addi	s5,s5,-1
    2170:	95b6                	add	a1,a1,a3
    2172:	218c                	lbu	a1,0(a1)
    2174:	00ba8023          	sb	a1,0(s5)
    2178:	02e7d5b3          	divu	a1,a5,a4
    217c:	0ae7ff63          	bgeu	a5,a4,223a <_printf_i+0x228>
    2180:	47a1                	li	a5,8
    2182:	00f71e63          	bne	a4,a5,219e <_printf_i+0x18c>
    2186:	401c                	lw	a5,0(s0)
    2188:	8b85                	andi	a5,a5,1
    218a:	cb91                	beqz	a5,219e <_printf_i+0x18c>
    218c:	4058                	lw	a4,4(s0)
    218e:	481c                	lw	a5,16(s0)
    2190:	00e7c763          	blt	a5,a4,219e <_printf_i+0x18c>
    2194:	03000793          	li	a5,48
    2198:	fefa8fa3          	sb	a5,-1(s5)
    219c:	1afd                	addi	s5,s5,-1
    219e:	41560633          	sub	a2,a2,s5
    21a2:	c810                	sw	a2,16(s0)
    21a4:	874e                	mv	a4,s3
    21a6:	86ca                	mv	a3,s2
    21a8:	0070                	addi	a2,sp,12
    21aa:	85a2                	mv	a1,s0
    21ac:	8526                	mv	a0,s1
    21ae:	3ba1                	jal	1f06 <_printf_common>
    21b0:	5a7d                	li	s4,-1
    21b2:	0b451d63          	bne	a0,s4,226c <_printf_i+0x25a>
    21b6:	557d                	li	a0,-1
    21b8:	50b2                	lw	ra,44(sp)
    21ba:	5422                	lw	s0,40(sp)
    21bc:	5492                	lw	s1,36(sp)
    21be:	5902                	lw	s2,32(sp)
    21c0:	49f2                	lw	s3,28(sp)
    21c2:	4a62                	lw	s4,24(sp)
    21c4:	4ad2                	lw	s5,20(sp)
    21c6:	4b42                	lw	s6,16(sp)
    21c8:	6145                	addi	sp,sp,48
    21ca:	8082                	ret
    21cc:	04d582a3          	sb	a3,69(a1)
    21d0:	00000697          	auipc	a3,0x0
    21d4:	6b868693          	addi	a3,a3,1720 # 2888 <__sf_fake_stdout+0x34>
    21d8:	400c                	lw	a1,0(s0)
    21da:	4308                	lw	a0,0(a4)
    21dc:	0805f813          	andi	a6,a1,128
    21e0:	411c                	lw	a5,0(a0)
    21e2:	0511                	addi	a0,a0,4
    21e4:	02080d63          	beqz	a6,221e <_printf_i+0x20c>
    21e8:	c308                	sw	a0,0(a4)
    21ea:	0015f713          	andi	a4,a1,1
    21ee:	c701                	beqz	a4,21f6 <_printf_i+0x1e4>
    21f0:	0205e593          	ori	a1,a1,32
    21f4:	c00c                	sw	a1,0(s0)
    21f6:	4741                	li	a4,16
    21f8:	ffa1                	bnez	a5,2150 <_printf_i+0x13e>
    21fa:	400c                	lw	a1,0(s0)
    21fc:	fdf5f593          	andi	a1,a1,-33
    2200:	c00c                	sw	a1,0(s0)
    2202:	b7b9                	j	2150 <_printf_i+0x13e>
    2204:	419c                	lw	a5,0(a1)
    2206:	0207e793          	ori	a5,a5,32
    220a:	c19c                	sw	a5,0(a1)
    220c:	07800793          	li	a5,120
    2210:	04f402a3          	sb	a5,69(s0)
    2214:	00000697          	auipc	a3,0x0
    2218:	68868693          	addi	a3,a3,1672 # 289c <__sf_fake_stdout+0x48>
    221c:	bf75                	j	21d8 <_printf_i+0x1c6>
    221e:	0405f813          	andi	a6,a1,64
    2222:	c308                	sw	a0,0(a4)
    2224:	fc0803e3          	beqz	a6,21ea <_printf_i+0x1d8>
    2228:	07c2                	slli	a5,a5,0x10
    222a:	83c1                	srli	a5,a5,0x10
    222c:	bf7d                	j	21ea <_printf_i+0x1d8>
    222e:	00000697          	auipc	a3,0x0
    2232:	65a68693          	addi	a3,a3,1626 # 2888 <__sf_fake_stdout+0x34>
    2236:	4721                	li	a4,8
    2238:	bf21                	j	2150 <_printf_i+0x13e>
    223a:	87ae                	mv	a5,a1
    223c:	b73d                	j	216a <_printf_i+0x158>
    223e:	4194                	lw	a3,0(a1)
    2240:	431c                	lw	a5,0(a4)
    2242:	49cc                	lw	a1,20(a1)
    2244:	0806f813          	andi	a6,a3,128
    2248:	00478513          	addi	a0,a5,4
    224c:	00080663          	beqz	a6,2258 <_printf_i+0x246>
    2250:	c308                	sw	a0,0(a4)
    2252:	439c                	lw	a5,0(a5)
    2254:	c38c                	sw	a1,0(a5)
    2256:	a039                	j	2264 <_printf_i+0x252>
    2258:	c308                	sw	a0,0(a4)
    225a:	0406f693          	andi	a3,a3,64
    225e:	439c                	lw	a5,0(a5)
    2260:	daf5                	beqz	a3,2254 <_printf_i+0x242>
    2262:	a38e                	sh	a1,0(a5)
    2264:	00042823          	sw	zero,16(s0)
    2268:	8ab2                	mv	s5,a2
    226a:	bf2d                	j	21a4 <_printf_i+0x192>
    226c:	4814                	lw	a3,16(s0)
    226e:	8656                	mv	a2,s5
    2270:	85ca                	mv	a1,s2
    2272:	8526                	mv	a0,s1
    2274:	9982                	jalr	s3
    2276:	f54500e3          	beq	a0,s4,21b6 <_printf_i+0x1a4>
    227a:	401c                	lw	a5,0(s0)
    227c:	8b89                	andi	a5,a5,2
    227e:	e78d                	bnez	a5,22a8 <_printf_i+0x296>
    2280:	47b2                	lw	a5,12(sp)
    2282:	4448                	lw	a0,12(s0)
    2284:	f2f55ae3          	bge	a0,a5,21b8 <_printf_i+0x1a6>
    2288:	853e                	mv	a0,a5
    228a:	b73d                	j	21b8 <_printf_i+0x1a6>
    228c:	4685                	li	a3,1
    228e:	8656                	mv	a2,s5
    2290:	85ca                	mv	a1,s2
    2292:	8526                	mv	a0,s1
    2294:	9982                	jalr	s3
    2296:	f36500e3          	beq	a0,s6,21b6 <_printf_i+0x1a4>
    229a:	0a05                	addi	s4,s4,1
    229c:	445c                	lw	a5,12(s0)
    229e:	4732                	lw	a4,12(sp)
    22a0:	8f99                	sub	a5,a5,a4
    22a2:	fefa45e3          	blt	s4,a5,228c <_printf_i+0x27a>
    22a6:	bfe9                	j	2280 <_printf_i+0x26e>
    22a8:	4a01                	li	s4,0
    22aa:	01940a93          	addi	s5,s0,25
    22ae:	5b7d                	li	s6,-1
    22b0:	b7f5                	j	229c <_printf_i+0x28a>

000022b2 <_sbrk_r>:
    22b2:	1141                	addi	sp,sp,-16
    22b4:	c422                	sw	s0,8(sp)
    22b6:	842a                	mv	s0,a0
    22b8:	852e                	mv	a0,a1
    22ba:	8201a423          	sw	zero,-2008(gp) # 200000a8 <errno>
    22be:	c606                	sw	ra,12(sp)
    22c0:	91ffe0ef          	jal	ra,bde <_sbrk>
    22c4:	57fd                	li	a5,-1
    22c6:	00f51763          	bne	a0,a5,22d4 <_sbrk_r+0x22>
    22ca:	82818793          	addi	a5,gp,-2008 # 200000a8 <errno>
    22ce:	439c                	lw	a5,0(a5)
    22d0:	c391                	beqz	a5,22d4 <_sbrk_r+0x22>
    22d2:	c01c                	sw	a5,0(s0)
    22d4:	40b2                	lw	ra,12(sp)
    22d6:	4422                	lw	s0,8(sp)
    22d8:	0141                	addi	sp,sp,16
    22da:	8082                	ret

000022dc <__sread>:
    22dc:	1141                	addi	sp,sp,-16
    22de:	c422                	sw	s0,8(sp)
    22e0:	842e                	mv	s0,a1
    22e2:	00e59583          	lh	a1,14(a1)
    22e6:	c606                	sw	ra,12(sp)
    22e8:	2cf1                	jal	25c4 <_read_r>
    22ea:	00054963          	bltz	a0,22fc <__sread+0x20>
    22ee:	487c                	lw	a5,84(s0)
    22f0:	97aa                	add	a5,a5,a0
    22f2:	c87c                	sw	a5,84(s0)
    22f4:	40b2                	lw	ra,12(sp)
    22f6:	4422                	lw	s0,8(sp)
    22f8:	0141                	addi	sp,sp,16
    22fa:	8082                	ret
    22fc:	245e                	lhu	a5,12(s0)
    22fe:	777d                	lui	a4,0xfffff
    2300:	177d                	addi	a4,a4,-1
    2302:	8ff9                	and	a5,a5,a4
    2304:	a45e                	sh	a5,12(s0)
    2306:	b7fd                	j	22f4 <__sread+0x18>

00002308 <__swrite>:
    2308:	25de                	lhu	a5,12(a1)
    230a:	1101                	addi	sp,sp,-32
    230c:	cc22                	sw	s0,24(sp)
    230e:	ca26                	sw	s1,20(sp)
    2310:	c84a                	sw	s2,16(sp)
    2312:	c64e                	sw	s3,12(sp)
    2314:	ce06                	sw	ra,28(sp)
    2316:	1007f793          	andi	a5,a5,256
    231a:	84aa                	mv	s1,a0
    231c:	842e                	mv	s0,a1
    231e:	8932                	mv	s2,a2
    2320:	89b6                	mv	s3,a3
    2322:	c791                	beqz	a5,232e <__swrite+0x26>
    2324:	00e59583          	lh	a1,14(a1)
    2328:	4689                	li	a3,2
    232a:	4601                	li	a2,0
    232c:	2209                	jal	242e <_lseek_r>
    232e:	245e                	lhu	a5,12(s0)
    2330:	777d                	lui	a4,0xfffff
    2332:	177d                	addi	a4,a4,-1
    2334:	8ff9                	and	a5,a5,a4
    2336:	a45e                	sh	a5,12(s0)
    2338:	00e41583          	lh	a1,14(s0)
    233c:	4462                	lw	s0,24(sp)
    233e:	40f2                	lw	ra,28(sp)
    2340:	86ce                	mv	a3,s3
    2342:	864a                	mv	a2,s2
    2344:	49b2                	lw	s3,12(sp)
    2346:	4942                	lw	s2,16(sp)
    2348:	8526                	mv	a0,s1
    234a:	44d2                	lw	s1,20(sp)
    234c:	6105                	addi	sp,sp,32
    234e:	a825                	j	2386 <_write_r>

00002350 <__sseek>:
    2350:	1141                	addi	sp,sp,-16
    2352:	c422                	sw	s0,8(sp)
    2354:	842e                	mv	s0,a1
    2356:	00e59583          	lh	a1,14(a1)
    235a:	c606                	sw	ra,12(sp)
    235c:	28c9                	jal	242e <_lseek_r>
    235e:	57fd                	li	a5,-1
    2360:	245a                	lhu	a4,12(s0)
    2362:	00f51a63          	bne	a0,a5,2376 <__sseek+0x26>
    2366:	77fd                	lui	a5,0xfffff
    2368:	17fd                	addi	a5,a5,-1
    236a:	8ff9                	and	a5,a5,a4
    236c:	a45e                	sh	a5,12(s0)
    236e:	40b2                	lw	ra,12(sp)
    2370:	4422                	lw	s0,8(sp)
    2372:	0141                	addi	sp,sp,16
    2374:	8082                	ret
    2376:	6785                	lui	a5,0x1
    2378:	8fd9                	or	a5,a5,a4
    237a:	a45e                	sh	a5,12(s0)
    237c:	c868                	sw	a0,84(s0)
    237e:	bfc5                	j	236e <__sseek+0x1e>

00002380 <__sclose>:
    2380:	00e59583          	lh	a1,14(a1)
    2384:	a805                	j	23b4 <_close_r>

00002386 <_write_r>:
    2386:	1141                	addi	sp,sp,-16
    2388:	c422                	sw	s0,8(sp)
    238a:	842a                	mv	s0,a0
    238c:	852e                	mv	a0,a1
    238e:	85b2                	mv	a1,a2
    2390:	8636                	mv	a2,a3
    2392:	8201a423          	sw	zero,-2008(gp) # 200000a8 <errno>
    2396:	c606                	sw	ra,12(sp)
    2398:	80dfe0ef          	jal	ra,ba4 <_write>
    239c:	57fd                	li	a5,-1
    239e:	00f51763          	bne	a0,a5,23ac <_write_r+0x26>
    23a2:	82818793          	addi	a5,gp,-2008 # 200000a8 <errno>
    23a6:	439c                	lw	a5,0(a5)
    23a8:	c391                	beqz	a5,23ac <_write_r+0x26>
    23aa:	c01c                	sw	a5,0(s0)
    23ac:	40b2                	lw	ra,12(sp)
    23ae:	4422                	lw	s0,8(sp)
    23b0:	0141                	addi	sp,sp,16
    23b2:	8082                	ret

000023b4 <_close_r>:
    23b4:	1141                	addi	sp,sp,-16
    23b6:	c422                	sw	s0,8(sp)
    23b8:	842a                	mv	s0,a0
    23ba:	852e                	mv	a0,a1
    23bc:	8201a423          	sw	zero,-2008(gp) # 200000a8 <errno>
    23c0:	c606                	sw	ra,12(sp)
    23c2:	2489                	jal	2604 <_close>
    23c4:	57fd                	li	a5,-1
    23c6:	00f51763          	bne	a0,a5,23d4 <_close_r+0x20>
    23ca:	82818793          	addi	a5,gp,-2008 # 200000a8 <errno>
    23ce:	439c                	lw	a5,0(a5)
    23d0:	c391                	beqz	a5,23d4 <_close_r+0x20>
    23d2:	c01c                	sw	a5,0(s0)
    23d4:	40b2                	lw	ra,12(sp)
    23d6:	4422                	lw	s0,8(sp)
    23d8:	0141                	addi	sp,sp,16
    23da:	8082                	ret

000023dc <_fstat_r>:
    23dc:	1141                	addi	sp,sp,-16
    23de:	c422                	sw	s0,8(sp)
    23e0:	842a                	mv	s0,a0
    23e2:	852e                	mv	a0,a1
    23e4:	85b2                	mv	a1,a2
    23e6:	8201a423          	sw	zero,-2008(gp) # 200000a8 <errno>
    23ea:	c606                	sw	ra,12(sp)
    23ec:	2415                	jal	2610 <_fstat>
    23ee:	57fd                	li	a5,-1
    23f0:	00f51763          	bne	a0,a5,23fe <_fstat_r+0x22>
    23f4:	82818793          	addi	a5,gp,-2008 # 200000a8 <errno>
    23f8:	439c                	lw	a5,0(a5)
    23fa:	c391                	beqz	a5,23fe <_fstat_r+0x22>
    23fc:	c01c                	sw	a5,0(s0)
    23fe:	40b2                	lw	ra,12(sp)
    2400:	4422                	lw	s0,8(sp)
    2402:	0141                	addi	sp,sp,16
    2404:	8082                	ret

00002406 <_isatty_r>:
    2406:	1141                	addi	sp,sp,-16
    2408:	c422                	sw	s0,8(sp)
    240a:	842a                	mv	s0,a0
    240c:	852e                	mv	a0,a1
    240e:	8201a423          	sw	zero,-2008(gp) # 200000a8 <errno>
    2412:	c606                	sw	ra,12(sp)
    2414:	2421                	jal	261c <_isatty>
    2416:	57fd                	li	a5,-1
    2418:	00f51763          	bne	a0,a5,2426 <_isatty_r+0x20>
    241c:	82818793          	addi	a5,gp,-2008 # 200000a8 <errno>
    2420:	439c                	lw	a5,0(a5)
    2422:	c391                	beqz	a5,2426 <_isatty_r+0x20>
    2424:	c01c                	sw	a5,0(s0)
    2426:	40b2                	lw	ra,12(sp)
    2428:	4422                	lw	s0,8(sp)
    242a:	0141                	addi	sp,sp,16
    242c:	8082                	ret

0000242e <_lseek_r>:
    242e:	1141                	addi	sp,sp,-16
    2430:	c422                	sw	s0,8(sp)
    2432:	842a                	mv	s0,a0
    2434:	852e                	mv	a0,a1
    2436:	85b2                	mv	a1,a2
    2438:	8636                	mv	a2,a3
    243a:	8201a423          	sw	zero,-2008(gp) # 200000a8 <errno>
    243e:	c606                	sw	ra,12(sp)
    2440:	22e5                	jal	2628 <_lseek>
    2442:	57fd                	li	a5,-1
    2444:	00f51763          	bne	a0,a5,2452 <_lseek_r+0x24>
    2448:	82818793          	addi	a5,gp,-2008 # 200000a8 <errno>
    244c:	439c                	lw	a5,0(a5)
    244e:	c391                	beqz	a5,2452 <_lseek_r+0x24>
    2450:	c01c                	sw	a5,0(s0)
    2452:	40b2                	lw	ra,12(sp)
    2454:	4422                	lw	s0,8(sp)
    2456:	0141                	addi	sp,sp,16
    2458:	8082                	ret

0000245a <memchr>:
    245a:	0ff5f593          	andi	a1,a1,255
    245e:	962a                	add	a2,a2,a0
    2460:	00c51463          	bne	a0,a2,2468 <memchr+0xe>
    2464:	4501                	li	a0,0
    2466:	8082                	ret
    2468:	211c                	lbu	a5,0(a0)
    246a:	feb78ee3          	beq	a5,a1,2466 <memchr+0xc>
    246e:	0505                	addi	a0,a0,1
    2470:	bfc5                	j	2460 <memchr+0x6>

00002472 <memcpy>:
    2472:	00a5c7b3          	xor	a5,a1,a0
    2476:	8b8d                	andi	a5,a5,3
    2478:	00c50733          	add	a4,a0,a2
    247c:	e781                	bnez	a5,2484 <memcpy+0x12>
    247e:	478d                	li	a5,3
    2480:	00c7ed63          	bltu	a5,a2,249a <memcpy+0x28>
    2484:	87aa                	mv	a5,a0
    2486:	08e57e63          	bgeu	a0,a4,2522 <memcpy+0xb0>
    248a:	2194                	lbu	a3,0(a1)
    248c:	0785                	addi	a5,a5,1
    248e:	0585                	addi	a1,a1,1
    2490:	fed78fa3          	sb	a3,-1(a5) # fff <_puts_r+0x29>
    2494:	fee7ebe3          	bltu	a5,a4,248a <memcpy+0x18>
    2498:	8082                	ret
    249a:	00357693          	andi	a3,a0,3
    249e:	87aa                	mv	a5,a0
    24a0:	ca89                	beqz	a3,24b2 <memcpy+0x40>
    24a2:	2194                	lbu	a3,0(a1)
    24a4:	0785                	addi	a5,a5,1
    24a6:	0585                	addi	a1,a1,1
    24a8:	fed78fa3          	sb	a3,-1(a5)
    24ac:	0037f693          	andi	a3,a5,3
    24b0:	bfc5                	j	24a0 <memcpy+0x2e>
    24b2:	ffc77693          	andi	a3,a4,-4
    24b6:	fe068613          	addi	a2,a3,-32
    24ba:	06c7f063          	bgeu	a5,a2,251a <memcpy+0xa8>
    24be:	0005a383          	lw	t2,0(a1)
    24c2:	0045a283          	lw	t0,4(a1)
    24c6:	0085af83          	lw	t6,8(a1)
    24ca:	00c5af03          	lw	t5,12(a1)
    24ce:	0105ae83          	lw	t4,16(a1)
    24d2:	0145ae03          	lw	t3,20(a1)
    24d6:	0185a303          	lw	t1,24(a1)
    24da:	01c5a883          	lw	a7,28(a1)
    24de:	02458593          	addi	a1,a1,36
    24e2:	0077a023          	sw	t2,0(a5)
    24e6:	ffc5a803          	lw	a6,-4(a1)
    24ea:	0057a223          	sw	t0,4(a5)
    24ee:	01f7a423          	sw	t6,8(a5)
    24f2:	01e7a623          	sw	t5,12(a5)
    24f6:	01d7a823          	sw	t4,16(a5)
    24fa:	01c7aa23          	sw	t3,20(a5)
    24fe:	0067ac23          	sw	t1,24(a5)
    2502:	0117ae23          	sw	a7,28(a5)
    2506:	02478793          	addi	a5,a5,36
    250a:	ff07ae23          	sw	a6,-4(a5)
    250e:	b775                	j	24ba <memcpy+0x48>
    2510:	4190                	lw	a2,0(a1)
    2512:	0791                	addi	a5,a5,4
    2514:	0591                	addi	a1,a1,4
    2516:	fec7ae23          	sw	a2,-4(a5)
    251a:	fed7ebe3          	bltu	a5,a3,2510 <memcpy+0x9e>
    251e:	f6e7e6e3          	bltu	a5,a4,248a <memcpy+0x18>
    2522:	8082                	ret

00002524 <memmove>:
    2524:	04a5f163          	bgeu	a1,a0,2566 <memmove+0x42>
    2528:	00c586b3          	add	a3,a1,a2
    252c:	02d57d63          	bgeu	a0,a3,2566 <memmove+0x42>
    2530:	fff64593          	not	a1,a2
    2534:	4781                	li	a5,0
    2536:	17fd                	addi	a5,a5,-1
    2538:	00f59363          	bne	a1,a5,253e <memmove+0x1a>
    253c:	8082                	ret
    253e:	00f68733          	add	a4,a3,a5
    2542:	00074803          	lbu	a6,0(a4) # fffff000 <_eusrstack+0xdfffa000>
    2546:	00c78733          	add	a4,a5,a2
    254a:	972a                	add	a4,a4,a0
    254c:	01070023          	sb	a6,0(a4)
    2550:	b7dd                	j	2536 <memmove+0x12>
    2552:	00f58733          	add	a4,a1,a5
    2556:	2314                	lbu	a3,0(a4)
    2558:	00f50733          	add	a4,a0,a5
    255c:	0785                	addi	a5,a5,1
    255e:	a314                	sb	a3,0(a4)
    2560:	fef619e3          	bne	a2,a5,2552 <memmove+0x2e>
    2564:	8082                	ret
    2566:	4781                	li	a5,0
    2568:	bfe5                	j	2560 <memmove+0x3c>

0000256a <__malloc_lock>:
    256a:	8082                	ret

0000256c <__malloc_unlock>:
    256c:	8082                	ret

0000256e <_realloc_r>:
    256e:	e581                	bnez	a1,2576 <_realloc_r+0x8>
    2570:	85b2                	mv	a1,a2
    2572:	a86ff06f          	j	17f8 <_malloc_r>
    2576:	1101                	addi	sp,sp,-32
    2578:	cc22                	sw	s0,24(sp)
    257a:	ce06                	sw	ra,28(sp)
    257c:	ca26                	sw	s1,20(sp)
    257e:	c84a                	sw	s2,16(sp)
    2580:	c64e                	sw	s3,12(sp)
    2582:	8432                	mv	s0,a2
    2584:	ee01                	bnez	a2,259c <_realloc_r+0x2e>
    2586:	9caff0ef          	jal	ra,1750 <_free_r>
    258a:	4901                	li	s2,0
    258c:	40f2                	lw	ra,28(sp)
    258e:	4462                	lw	s0,24(sp)
    2590:	854a                	mv	a0,s2
    2592:	44d2                	lw	s1,20(sp)
    2594:	4942                	lw	s2,16(sp)
    2596:	49b2                	lw	s3,12(sp)
    2598:	6105                	addi	sp,sp,32
    259a:	8082                	ret
    259c:	84ae                	mv	s1,a1
    259e:	89aa                	mv	s3,a0
    25a0:	2881                	jal	25f0 <_malloc_usable_size_r>
    25a2:	8926                	mv	s2,s1
    25a4:	fe8574e3          	bgeu	a0,s0,258c <_realloc_r+0x1e>
    25a8:	85a2                	mv	a1,s0
    25aa:	854e                	mv	a0,s3
    25ac:	a4cff0ef          	jal	ra,17f8 <_malloc_r>
    25b0:	892a                	mv	s2,a0
    25b2:	dd69                	beqz	a0,258c <_realloc_r+0x1e>
    25b4:	85a6                	mv	a1,s1
    25b6:	8622                	mv	a2,s0
    25b8:	3d6d                	jal	2472 <memcpy>
    25ba:	85a6                	mv	a1,s1
    25bc:	854e                	mv	a0,s3
    25be:	992ff0ef          	jal	ra,1750 <_free_r>
    25c2:	b7e9                	j	258c <_realloc_r+0x1e>

000025c4 <_read_r>:
    25c4:	1141                	addi	sp,sp,-16
    25c6:	c422                	sw	s0,8(sp)
    25c8:	842a                	mv	s0,a0
    25ca:	852e                	mv	a0,a1
    25cc:	85b2                	mv	a1,a2
    25ce:	8636                	mv	a2,a3
    25d0:	8201a423          	sw	zero,-2008(gp) # 200000a8 <errno>
    25d4:	c606                	sw	ra,12(sp)
    25d6:	28b9                	jal	2634 <_read>
    25d8:	57fd                	li	a5,-1
    25da:	00f51763          	bne	a0,a5,25e8 <_read_r+0x24>
    25de:	82818793          	addi	a5,gp,-2008 # 200000a8 <errno>
    25e2:	439c                	lw	a5,0(a5)
    25e4:	c391                	beqz	a5,25e8 <_read_r+0x24>
    25e6:	c01c                	sw	a5,0(s0)
    25e8:	40b2                	lw	ra,12(sp)
    25ea:	4422                	lw	s0,8(sp)
    25ec:	0141                	addi	sp,sp,16
    25ee:	8082                	ret

000025f0 <_malloc_usable_size_r>:
    25f0:	ffc5a783          	lw	a5,-4(a1)
    25f4:	ffc78513          	addi	a0,a5,-4
    25f8:	0007d563          	bgez	a5,2602 <_malloc_usable_size_r+0x12>
    25fc:	95aa                	add	a1,a1,a0
    25fe:	419c                	lw	a5,0(a1)
    2600:	953e                	add	a0,a0,a5
    2602:	8082                	ret

00002604 <_close>:
    2604:	05800793          	li	a5,88
    2608:	82f1a423          	sw	a5,-2008(gp) # 200000a8 <errno>
    260c:	557d                	li	a0,-1
    260e:	8082                	ret

00002610 <_fstat>:
    2610:	05800793          	li	a5,88
    2614:	82f1a423          	sw	a5,-2008(gp) # 200000a8 <errno>
    2618:	557d                	li	a0,-1
    261a:	8082                	ret

0000261c <_isatty>:
    261c:	05800793          	li	a5,88
    2620:	82f1a423          	sw	a5,-2008(gp) # 200000a8 <errno>
    2624:	4501                	li	a0,0
    2626:	8082                	ret

00002628 <_lseek>:
    2628:	05800793          	li	a5,88
    262c:	82f1a423          	sw	a5,-2008(gp) # 200000a8 <errno>
    2630:	557d                	li	a0,-1
    2632:	8082                	ret

00002634 <_read>:
    2634:	05800793          	li	a5,88
    2638:	82f1a423          	sw	a5,-2008(gp) # 200000a8 <errno>
    263c:	557d                	li	a0,-1
    263e:	8082                	ret
    2640:	5250                	lw	a2,36(a2)
    2642:	5345                	li	t1,-15
    2644:	00444553          	fadd.s	fa0,fs0,ft4,rmm
    2648:	6572                	flw	fa0,28(sp)
    264a:	006c                	addi	a1,sp,12
    264c:	0a0d                	addi	s4,s4,3
    264e:	3d3d                	jal	248c <memcpy+0x1a>
    2650:	3d3d                	jal	248e <memcpy+0x1c>
    2652:	203d                	jal	2680 <_read+0x4c>
    2654:	32334843          	fmadd.d	fa6,ft6,ft3,ft6,rmm
    2658:	3258                	lbu	a4,5(a2)
    265a:	3330                	lbu	a2,3(a4)
    265c:	6f542043          	fmadd.q	ft0,fs0,fs5,fa3,rdn
    2660:	6375                	lui	t1,0x1d
    2662:	4b68                	lw	a0,84(a4)
    2664:	7965                	lui	s2,0xffff9
    2666:	3d20                	lbu	s0,27(a0)
    2668:	3d3d                	jal	24a6 <memcpy+0x34>
    266a:	3d3d                	jal	24a8 <memcpy+0x36>
    266c:	000d                	c.nop	3
    266e:	0000                	unimp
    2670:	74737953          	0x74737953
    2674:	6d65                	lui	s10,0x19
    2676:	3a6b6c43          	fmadd.d	fs8,fs6,ft6,ft7,unknown
    267a:	6425                	lui	s0,0x9
    267c:	0a0d                	addi	s4,s4,3
    267e:	0000                	unimp
    2680:	6854                	flw	fa3,20(s0)
    2682:	6572                	flw	fa0,28(sp)
    2684:	6c6f6873          	csrrsi	a6,0x6c6,30
    2688:	3a64                	lbu	s1,23(a2)
    268a:	6425                	lui	s0,0x9
    268c:	0a0d                	addi	s4,s4,3
    268e:	0000                	unimp
    2690:	5355                	li	t1,-11
    2692:	5241                	li	tp,-16
    2694:	3354                	lbu	a3,5(a4)
    2696:	3428                	lbu	a0,11(s0)
    2698:	3038                	lbu	a4,3(s0)
    269a:	2930                	lbu	a2,18(a0)
    269c:	2d20                	lbu	s0,26(a0)
    269e:	203e                	lhu	a5,2(s0)
    26a0:	5345                	li	t1,-15
    26a2:	2d50                	lbu	a2,28(a0)
    26a4:	3130                	lbu	a2,3(a0)
    26a6:	50282053          	0x50282053
    26aa:	3142                	lhu	s0,36(a0)
    26ac:	2d30                	lbu	a2,26(a0)
    26ae:	523e                	lw	tp,236(sp)
    26b0:	2c58                	lbu	a4,28(s0)
    26b2:	5020                	lw	s0,96(s0)
    26b4:	3142                	lhu	s0,36(a0)
    26b6:	2d31                	jal	2cd2 <_data_lma+0x422>
    26b8:	543e                	lw	s0,236(sp)
    26ba:	2958                	lbu	a4,20(a0)
    26bc:	000d                	c.nop	3
    26be:	0000                	unimp
    26c0:	3d3d                	jal	24fe <memcpy+0x8c>
    26c2:	3d3d                	jal	2500 <memcpy+0x8e>
    26c4:	3d3d                	jal	2502 <memcpy+0x90>
    26c6:	3d3d                	jal	2504 <memcpy+0x92>
    26c8:	3d3d                	jal	2506 <memcpy+0x94>
    26ca:	3d3d                	jal	2508 <memcpy+0x96>
    26cc:	3d3d                	jal	250a <memcpy+0x98>
    26ce:	3d3d                	jal	250c <memcpy+0x9a>
    26d0:	3d3d                	jal	250e <memcpy+0x9c>
    26d2:	3d3d                	jal	2510 <memcpy+0x9e>
    26d4:	3d3d                	jal	2512 <memcpy+0xa0>
    26d6:	3d3d                	jal	2514 <memcpy+0xa2>
    26d8:	3d3d                	jal	2516 <memcpy+0xa4>
    26da:	3d3d                	jal	2518 <memcpy+0xa6>
    26dc:	3d3d                	jal	251a <memcpy+0xa8>
    26de:	000d                	c.nop	3
    26e0:	3156                	lhu	a3,36(a0)
    26e2:	253a                	lhu	a4,10(a0)
    26e4:	2c64                	lbu	s1,30(s0)
    26e6:	3256                	lhu	a3,36(a2)
    26e8:	253a                	lhu	a4,10(a0)
    26ea:	2c64                	lbu	s1,30(s0)
    26ec:	253a3153          	0x253a3153
    26f0:	2c64                	lbu	s1,30(s0)
    26f2:	253a3253          	0x253a3253
    26f6:	0d64                	addi	s1,sp,668
    26f8:	000a                	c.slli	zero,0x2
    26fa:	0000                	unimp
    26fc:	4b54                	lw	a3,20(a4)
    26fe:	3a31                	jal	201a <_printf_i+0x8>
    2700:	6425                	lui	s0,0x9
    2702:	2528                	lbu	a0,10(a0)
    2704:	54202973          	csrr	s2,0x542
    2708:	253a324b          	0x253a324b
    270c:	2864                	lbu	s1,22(s0)
    270e:	7325                	lui	t1,0xfffe9
    2710:	0d29                	addi	s10,s10,10
    2712:	000a                	c.slli	zero,0x2

00002714 <__clz_tab>:
    2714:	0100 0202 0303 0303 0404 0404 0404 0404     ................
    2724:	0505 0505 0505 0505 0505 0505 0505 0505     ................
    2734:	0606 0606 0606 0606 0606 0606 0606 0606     ................
    2744:	0606 0606 0606 0606 0606 0606 0606 0606     ................
    2754:	0707 0707 0707 0707 0707 0707 0707 0707     ................
    2764:	0707 0707 0707 0707 0707 0707 0707 0707     ................
    2774:	0707 0707 0707 0707 0707 0707 0707 0707     ................
    2784:	0707 0707 0707 0707 0707 0707 0707 0707     ................
    2794:	0808 0808 0808 0808 0808 0808 0808 0808     ................
    27a4:	0808 0808 0808 0808 0808 0808 0808 0808     ................
    27b4:	0808 0808 0808 0808 0808 0808 0808 0808     ................
    27c4:	0808 0808 0808 0808 0808 0808 0808 0808     ................
    27d4:	0808 0808 0808 0808 0808 0808 0808 0808     ................
    27e4:	0808 0808 0808 0808 0808 0808 0808 0808     ................
    27f4:	0808 0808 0808 0808 0808 0808 0808 0808     ................
    2804:	0808 0808 0808 0808 0808 0808 0808 0808     ................

00002814 <__sf_fake_stderr>:
	...

00002834 <__sf_fake_stdin>:
	...

00002854 <__sf_fake_stdout>:
	...
    2874:	2d23 2b30 0020 0000 6c68 004c 6665 4567     #-0+ ...hlL.efgE
    2884:	4746 0000 3130 3332 3534 3736 3938 4241     FG..0123456789AB
    2894:	4443 4645 0000 0000 3130 3332 3534 3736     CDEF....01234567
    28a4:	3938 6261 6463 6665 0000 0000               89abcdef....
